0 7 0.002
0 15 0.001
0 17 0.002
0 24 0.007
0 30 0.002
0 36 0.003
0 42 0.011
0 47 0.006
0 50 0.006
0 51 0.004
0 67 0.009000000000000001
0 74 0.01
0 78 0.012
0 81 0.02
0 83 0.015
0 88 0.017
0 91 0.019
0 95 0.019
1 3 0.014
1 4 0.003
1 6 0.007
1 9 0.008
1 10 0.016
1 12 0.014
1 13 0.001
1 18 0.014
1 21 0.001
1 22 0.001
1 25 0.009000000000000001
1 26 0.018000000000000002
1 27 0.005
1 28 0.002
1 33 0.003
1 34 0.016
1 35 0.016
1 37 0.008
1 38 0.01
1 39 0.007
1 43 0.006
1 45 0.003
1 46 0.014
1 49 0.01
1 52 0.004
1 54 0.003
1 56 0.004
1 60 0.004
1 63 0.011
1 65 0.009000000000000001
1 75 0.02
1 77 0.02
1 79 0.02
1 82 0.014
2 3 0.013000000000000001
2 8 0.016
2 14 0.006
2 19 0.004
2 29 0.01
2 41 0.002
2 53 0.011
2 59 0.012
2 62 0.008
2 64 0.009000000000000001
2 70 0.01
2 73 0.011
2 76 0.014
3 1 0.014
3 2 0.013000000000000001
3 5 0.001
3 8 0.001
3 14 0.004
3 19 0.005
3 21 0.008
3 33 0.007
3 41 0.016
3 43 0.004
3 49 0.005
3 54 0.016
3 59 0.007
3 63 0.008
3 73 0.014
3 77 0.014
4 1 0.003
4 6 0.004
4 9 0.006
4 10 0.009000000000000001
4 13 0.002
4 21 0.006
4 22 0.004
4 27 0.001
4 28 0.003
4 33 0.019
4 35 0.01
4 37 0.008
4 39 0.004
4 45 0.004
4 46 0.019
4 52 0.003
4 54 0.006
4 56 0.004
4 60 0.005
4 65 0.008
4 82 0.014
5 3 0.001
5 8 0.001
5 14 0.006
5 19 0.008
5 21 0.01
5 33 0.009000000000000001
5 43 0.006
5 54 0.016
5 63 0.009000000000000001
6 1 0.007
6 4 0.004
6 9 0.001
6 10 0.006
6 12 0.01
6 13 0.011
6 18 0.008
6 21 0.009000000000000001
6 22 0.008
6 25 0.001
6 26 0.007
6 27 0.002
6 28 0.01
6 34 0.009000000000000001
6 35 0.007
6 37 0.002
6 38 0.004
6 39 0.002
6 45 0.013000000000000001
6 46 0.007
6 52 0.005
6 54 0.007
6 56 0.008
6 58 0.017
6 60 0.011
6 65 0.005
6 75 0.013000000000000001
6 79 0.013000000000000001
6 97 0.02
6 100 0.02
7 0 0.002
7 15 0.002
7 17 0.001
7 24 0.004
7 30 0.004
7 36 0.002
7 47 0.004
7 50 0.004
7 51 0.006
7 67 0.014
7 74 0.013000000000000001
7 78 0.016
8 2 0.016
8 3 0.001
8 5 0.001
8 14 0.004
8 19 0.005
8 49 0.007
8 59 0.015
8 63 0.007
8 125 0.019
9 1 0.008
9 4 0.006
9 6 0.001
9 10 0.005
9 12 0.005
9 18 0.005
9 21 0.013000000000000001
9 25 0.001
9 26 0.005
9 27 0.004
9 34 0.009000000000000001
9 35 0.007
9 37 0.002
9 38 0.002
9 39 0.002
9 46 0.006
9 54 0.008
9 60 0.01
9 65 0.005
10 1 0.016
10 4 0.009000000000000001
10 6 0.006
10 9 0.005
10 12 0.001
10 13 0.013000000000000001
10 18 0.002
10 22 0.014
10 25 0.004
10 26 0.001
10 27 0.008
10 28 0.012
10 34 0.001
10 35 0.002
10 37 0.004
10 38 0.003
10 39 0.005
10 45 0.013000000000000001
10 46 0.003
10 52 0.009000000000000001
10 54 0.014
10 56 0.012
10 58 0.005
10 60 0.013000000000000001
10 65 0.007
10 72 0.014
10 75 0.008
10 79 0.009000000000000001
10 84 0.02
10 97 0.019
10 100 0.02
10 101 0.019
10 102 0.02
11 20 0.001
11 23 0.011
11 31 0.01
11 32 0.009000000000000001
11 40 0.006
11 42 0.003
11 44 0.008
11 48 0.002
11 55 0.003
11 57 0.004
11 68 0.008
11 71 0.006
11 80 0.014
11 81 0.011
11 87 0.015
11 107 0.02
12 1 0.014
12 6 0.01
12 9 0.005
12 10 0.001
12 18 0.001
12 25 0.003
12 26 0.001
12 34 0.001
12 35 0.003
12 37 0.004
12 38 0.002
12 46 0.002
12 54 0.014
12 58 0.008
12 60 0.016
12 61 0.016
12 72 0.015
12 75 0.01
12 79 0.01
13 1 0.001
13 4 0.002
13 6 0.011
13 10 0.013000000000000001
13 21 0.003
13 22 0.001
13 27 0.004
13 28 0.001
13 33 0.005
13 35 0.013000000000000001
13 45 0.003
13 52 0.003
13 54 0.003
13 56 0.007
13 60 0.004
14 2 0.006
14 3 0.004
14 5 0.006
14 8 0.004
14 19 0.001
14 63 0.009000000000000001
14 73 0.017
14 125 0.019
15 0 0.001
15 7 0.002
15 17 0.003
15 24 0.008
15 30 0.002
15 36 0.003
15 47 0.006
15 50 0.006
15 51 0.005
16 24 0.006
16 29 0.001
16 41 0.006
16 47 0.008
16 53 0.006
16 66 0.009000000000000001
16 69 0.011
16 76 0.017
16 85 0.02
17 0 0.002
17 7 0.001
17 15 0.003
17 24 0.003
17 30 0.014
17 36 0.001
17 47 0.003
17 50 0.003
18 1 0.014
18 6 0.008
18 9 0.005
18 10 0.002
18 12 0.001
18 25 0.004
18 26 0.002
18 34 0.001
18 35 0.003
18 37 0.009000000000000001
18 38 0.002
18 46 0.002
18 54 0.013000000000000001
18 60 0.015
19 2 0.004
19 3 0.005
19 5 0.008
19 8 0.005
19 14 0.001
19 63 0.01
19 70 0.014
19 125 0.018000000000000002
20 11 0.001
20 23 0.007
20 31 0.006
20 42 0.005
20 44 0.004
20 48 0.003
20 55 0.004
20 57 0.006
20 71 0.011
20 81 0.016
21 1 0.001
21 3 0.008
21 4 0.006
21 5 0.01
21 6 0.009000000000000001
21 9 0.013000000000000001
21 13 0.003
21 22 0.002
21 25 0.019
21 27 0.007
21 28 0.003
21 33 0.001
21 37 0.016
21 38 0.018000000000000002
21 39 0.012
21 43 0.003
21 45 0.003
21 52 0.008
21 54 0.003
21 56 0.007
21 60 0.007
21 63 0.014
21 65 0.019
22 1 0.001
22 4 0.004
22 6 0.008
22 10 0.014
22 13 0.001
22 21 0.002
22 27 0.005
22 28 0.001
22 33 0.005
22 35 0.015
22 45 0.002
22 52 0.004
22 54 0.003
22 56 0.005
22 60 0.007
23 11 0.011
23 20 0.007
23 31 0.001
23 32 0.001
23 40 0.002
23 42 0.016
23 44 0.002
23 48 0.01
23 55 0.01
23 57 0.012
23 68 0.008
23 71 0.014
23 80 0.016
24 0 0.007
24 7 0.004
24 15 0.008
24 16 0.006
24 17 0.003
24 29 0.004
24 30 0.009000000000000001
24 36 0.002
24 42 0.02
24 47 0.001
24 50 0.002
24 51 0.011
24 53 0.019
24 66 0.006
24 67 0.019
24 69 0.017
24 74 0.017
24 86 0.017
24 90 0.015
24 92 0.018000000000000002
24 99 0.019
25 1 0.009000000000000001
25 6 0.001
25 9 0.001
25 10 0.004
25 12 0.003
25 18 0.004
25 21 0.019
25 26 0.004
25 27 0.007
25 34 0.007
25 35 0.005
25 37 0.001
25 38 0.001
25 39 0.001
25 46 0.004
25 54 0.008
25 60 0.008
26 1 0.018000000000000002
26 6 0.007
26 9 0.005
26 10 0.001
26 12 0.001
26 18 0.002
26 25 0.004
26 34 0.001
26 35 0.001
26 38 0.003
26 46 0.002
26 54 0.017
26 60 0.019
26 84 0.017
27 1 0.005
27 4 0.001
27 6 0.002
27 9 0.004
27 10 0.008
27 13 0.004
27 21 0.007
27 22 0.005
27 25 0.007
27 28 0.005
27 35 0.008
27 37 0.005
27 39 0.002
27 45 0.003
27 46 0.014
27 52 0.002
27 54 0.004
27 56 0.005
27 60 0.006
27 65 0.015
28 1 0.002
28 4 0.003
28 6 0.01
28 10 0.012
28 13 0.001
28 21 0.003
28 22 0.001
28 27 0.005
28 35 0.013000000000000001
28 45 0.002
28 52 0.002
28 54 0.002
28 56 0.003
28 60 0.003
29 2 0.01
29 16 0.001
29 24 0.004
29 41 0.009000000000000001
29 47 0.005
29 50 0.012
30 0 0.002
30 7 0.004
30 15 0.002
30 17 0.014
30 24 0.009000000000000001
30 36 0.011
30 42 0.004
30 47 0.008
30 50 0.008
30 51 0.002
30 71 0.017
30 91 0.019
31 11 0.01
31 20 0.006
31 23 0.001
31 32 0.001
31 40 0.001
31 44 0.001
31 55 0.016
31 57 0.016
32 11 0.009000000000000001
32 23 0.001
32 31 0.001
32 40 0.001
32 44 0.001
32 71 0.02
33 1 0.003
33 3 0.007
33 4 0.019
33 5 0.009000000000000001
33 13 0.005
33 21 0.001
33 22 0.005
33 43 0.002
33 54 0.004
33 56 0.009000000000000001
33 60 0.008
33 63 0.009000000000000001
34 1 0.016
34 6 0.009000000000000001
34 9 0.009000000000000001
34 10 0.001
34 12 0.001
34 18 0.001
34 25 0.007
34 26 0.001
34 35 0.001
34 37 0.013000000000000001
34 38 0.005
34 46 0.002
34 54 0.015
34 60 0.016
34 84 0.017
35 1 0.016
35 4 0.01
35 6 0.007
35 9 0.007
35 10 0.002
35 12 0.003
35 13 0.013000000000000001
35 18 0.003
35 22 0.015
35 25 0.005
35 26 0.001
35 27 0.008
35 28 0.013000000000000001
35 34 0.001
35 37 0.005
35 38 0.004
35 39 0.006
35 45 0.015
35 46 0.003
35 52 0.01
35 54 0.014
35 56 0.012
35 58 0.002
35 60 0.013000000000000001
35 65 0.008
35 75 0.016
35 79 0.019
35 84 0.012
35 94 0.019
36 0 0.003
36 7 0.002
36 15 0.003
36 17 0.001
36 24 0.002
36 30 0.011
36 47 0.002
36 50 0.002
36 91 0.019
37 1 0.008
37 4 0.008
37 6 0.002
37 9 0.002
37 10 0.004
37 12 0.004
37 18 0.009000000000000001
37 21 0.016
37 25 0.001
37 27 0.005
37 34 0.013000000000000001
37 35 0.005
37 38 0.002
37 39 0.002
37 46 0.004
37 54 0.007
37 60 0.007
38 1 0.01
38 6 0.004
38 9 0.002
38 10 0.003
38 12 0.002
38 18 0.002
38 21 0.018000000000000002
38 25 0.001
38 26 0.003
38 34 0.005
38 35 0.004
38 37 0.002
38 39 0.005
38 46 0.002
38 54 0.008
38 60 0.01
39 1 0.007
39 4 0.004
39 6 0.002
39 9 0.002
39 10 0.005
39 21 0.012
39 25 0.001
39 27 0.002
39 35 0.006
39 37 0.002
39 38 0.005
39 46 0.006
39 52 0.005
39 54 0.005
39 56 0.006
39 60 0.005
39 65 0.016
40 11 0.006
40 23 0.002
40 31 0.001
40 32 0.001
40 42 0.019
40 44 0.001
40 57 0.018000000000000002
40 71 0.016
41 2 0.002
41 3 0.016
41 16 0.006
41 29 0.009000000000000001
41 53 0.006
41 62 0.005
41 70 0.005
41 76 0.009000000000000001
41 93 0.018000000000000002
41 125 0.019
42 0 0.011
42 11 0.003
42 20 0.005
42 23 0.016
42 24 0.02
42 30 0.004
42 40 0.019
42 47 0.016
42 48 0.003
42 51 0.004
42 55 0.004
42 57 0.003
42 71 0.006
43 1 0.006
43 3 0.004
43 5 0.006
43 21 0.003
43 33 0.002
43 54 0.007
43 60 0.012
43 63 0.005
44 11 0.008
44 20 0.004
44 23 0.002
44 31 0.001
44 32 0.001
44 40 0.001
44 48 0.02
44 68 0.005
44 71 0.018000000000000002
45 1 0.003
45 4 0.004
45 6 0.013000000000000001
45 10 0.013000000000000001
45 13 0.003
45 21 0.003
45 22 0.002
45 27 0.003
45 28 0.002
45 35 0.015
45 52 0.002
45 54 0.001
45 56 0.002
45 60 0.002
46 1 0.014
46 4 0.019
46 6 0.007
46 9 0.006
46 10 0.003
46 12 0.002
46 18 0.002
46 25 0.004
46 26 0.002
46 27 0.014
46 34 0.002
46 35 0.003
46 37 0.004
46 38 0.002
46 39 0.006
46 54 0.011
46 58 0.004
46 60 0.011
46 84 0.017
47 0 0.006
47 7 0.004
47 15 0.006
47 16 0.008
47 17 0.003
47 24 0.001
47 29 0.005
47 30 0.008
47 36 0.002
47 42 0.016
47 50 0.001
47 51 0.009000000000000001
47 66 0.007
47 67 0.01
47 74 0.007
47 78 0.009000000000000001
47 83 0.019
47 86 0.013000000000000001
47 91 0.019
48 11 0.002
48 20 0.003
48 23 0.01
48 42 0.003
48 44 0.02
48 55 0.001
48 57 0.001
48 71 0.005
49 1 0.01
49 3 0.005
49 8 0.007
49 59 0.003
49 63 0.002
49 77 0.009000000000000001
49 125 0.013000000000000001
50 0 0.006
50 7 0.004
50 15 0.006
50 17 0.003
50 24 0.002
50 29 0.012
50 30 0.008
50 36 0.002
50 47 0.001
50 51 0.009000000000000001
50 66 0.009000000000000001
50 67 0.013000000000000001
50 74 0.005
50 91 0.018000000000000002
51 0 0.004
51 7 0.006
51 15 0.005
51 24 0.011
51 30 0.002
51 42 0.004
51 47 0.009000000000000001
51 50 0.009000000000000001
51 74 0.006
51 83 0.014
51 91 0.011
52 1 0.004
52 4 0.003
52 6 0.005
52 10 0.009000000000000001
52 13 0.003
52 21 0.008
52 22 0.004
52 27 0.002
52 28 0.002
52 35 0.01
52 39 0.005
52 45 0.002
52 54 0.002
52 56 0.001
52 60 0.002
52 65 0.009000000000000001
53 2 0.011
53 16 0.006
53 24 0.019
53 41 0.006
53 62 0.003
53 64 0.002
53 66 0.005
53 69 0.004
53 70 0.003
53 76 0.003
53 93 0.012
53 125 0.02
54 1 0.003
54 3 0.016
54 4 0.006
54 5 0.016
54 6 0.007
54 9 0.008
54 10 0.014
54 12 0.014
54 13 0.003
54 18 0.013000000000000001
54 21 0.003
54 22 0.003
54 25 0.008
54 26 0.017
54 27 0.004
54 28 0.002
54 33 0.004
54 34 0.015
54 35 0.014
54 37 0.007
54 38 0.008
54 39 0.005
54 43 0.007
54 45 0.001
54 46 0.011
54 52 0.002
54 56 0.001
54 60 0.002
54 65 0.006
54 82 0.011
55 11 0.003
55 20 0.004
55 23 0.01
55 31 0.016
55 42 0.004
55 48 0.001
55 57 0.001
55 71 0.003
55 108 0.018000000000000002
56 1 0.004
56 4 0.004
56 6 0.008
56 10 0.012
56 13 0.007
56 21 0.007
56 22 0.005
56 27 0.005
56 28 0.003
56 33 0.009000000000000001
56 35 0.012
56 39 0.006
56 45 0.002
56 52 0.001
56 54 0.001
56 60 0.001
56 65 0.009000000000000001
57 11 0.004
57 20 0.006
57 23 0.012
57 31 0.016
57 40 0.018000000000000002
57 42 0.003
57 48 0.001
57 55 0.001
57 71 0.003
57 108 0.02
58 6 0.017
58 10 0.005
58 12 0.008
58 35 0.002
58 46 0.004
58 61 0.006
58 72 0.005
58 75 0.004
58 79 0.005
58 84 0.005
58 94 0.006
59 2 0.012
59 3 0.007
59 8 0.015
59 49 0.003
59 63 0.002
59 73 0.005
59 77 0.002
59 111 0.011
59 125 0.01
60 1 0.004
60 4 0.005
60 6 0.011
60 9 0.01
60 10 0.013000000000000001
60 12 0.016
60 13 0.004
60 18 0.015
60 21 0.007
60 22 0.007
60 25 0.008
60 26 0.019
60 27 0.006
60 28 0.003
60 33 0.008
60 34 0.016
60 35 0.013000000000000001
60 37 0.007
60 38 0.01
60 39 0.005
60 43 0.012
60 45 0.002
60 46 0.011
60 52 0.002
60 54 0.002
60 56 0.001
60 65 0.004
60 79 0.019
60 82 0.003
60 100 0.02
61 12 0.016
61 58 0.006
61 72 0.001
61 75 0.005
61 79 0.005
61 84 0.002
61 94 0.004
61 97 0.019
61 101 0.016
61 102 0.019
61 115 0.018000000000000002
61 128 0.011
62 2 0.008
62 41 0.005
62 53 0.003
62 64 0.001
62 66 0.008
62 69 0.004
62 70 0.001
62 73 0.003
62 76 0.003
62 85 0.011
62 93 0.01
62 125 0.011
63 1 0.011
63 3 0.008
63 5 0.009000000000000001
63 8 0.007
63 14 0.009000000000000001
63 19 0.01
63 21 0.014
63 33 0.009000000000000001
63 43 0.005
63 49 0.002
63 59 0.002
63 73 0.01
63 77 0.003
63 89 0.007
63 98 0.007
63 104 0.014
63 111 0.015
63 112 0.016
63 125 0.009000000000000001
64 2 0.009000000000000001
64 53 0.002
64 62 0.001
64 66 0.006
64 69 0.003
64 70 0.001
64 76 0.002
64 93 0.009000000000000001
64 125 0.013000000000000001
65 1 0.009000000000000001
65 4 0.008
65 6 0.005
65 9 0.005
65 10 0.007
65 21 0.019
65 27 0.015
65 35 0.008
65 39 0.016
65 52 0.009000000000000001
65 54 0.006
65 56 0.009000000000000001
65 60 0.004
65 82 0.005
65 115 0.013000000000000001
66 16 0.009000000000000001
66 24 0.006
66 47 0.007
66 50 0.009000000000000001
66 53 0.005
66 62 0.008
66 64 0.006
66 69 0.002
66 70 0.007
66 73 0.017
66 76 0.004
66 85 0.002
66 86 0.013000000000000001
66 90 0.004
66 92 0.004
66 93 0.004
66 96 0.019
66 99 0.009000000000000001
66 110 0.013000000000000001
66 114 0.009000000000000001
66 129 0.018000000000000002
66 133 0.014
66 137 0.017
67 0 0.009000000000000001
67 7 0.014
67 24 0.019
67 47 0.01
67 50 0.013000000000000001
67 74 0.003
67 78 0.002
67 81 0.004
67 83 0.003
67 88 0.004
67 91 0.005
67 95 0.007
68 11 0.008
68 23 0.008
68 44 0.005
68 71 0.004
68 80 0.004
68 87 0.004
68 108 0.007
69 16 0.011
69 24 0.017
69 53 0.004
69 62 0.004
69 64 0.003
69 66 0.002
69 70 0.003
69 76 0.001
69 85 0.006
69 93 0.004
69 125 0.018000000000000002
70 2 0.01
70 19 0.014
70 41 0.005
70 53 0.003
70 62 0.001
70 64 0.001
70 66 0.007
70 69 0.003
70 73 0.006
70 76 0.002
70 93 0.008
70 125 0.011
71 11 0.006
71 20 0.011
71 23 0.014
71 30 0.017
71 32 0.02
71 40 0.016
71 42 0.006
71 44 0.018000000000000002
71 48 0.005
71 55 0.003
71 57 0.003
71 68 0.004
71 80 0.008
71 81 0.012
71 107 0.005
71 108 0.012
72 10 0.014
72 12 0.015
72 58 0.005
72 61 0.001
72 75 0.006
72 79 0.015
72 84 0.002
72 94 0.003
73 2 0.011
73 3 0.014
73 14 0.017
73 59 0.005
73 62 0.003
73 63 0.01
73 66 0.017
73 70 0.006
73 93 0.014
73 111 0.006
73 125 0.006
74 0 0.01
74 7 0.013000000000000001
74 24 0.017
74 47 0.007
74 50 0.005
74 51 0.006
74 67 0.003
74 78 0.001
74 81 0.007
74 83 0.002
74 86 0.007
74 88 0.002
74 91 0.003
74 95 0.003
74 96 0.01
74 113 0.012
74 123 0.014
75 1 0.02
75 6 0.013000000000000001
75 10 0.008
75 12 0.01
75 35 0.016
75 58 0.004
75 61 0.005
75 72 0.006
75 79 0.001
75 84 0.005
75 94 0.004
76 2 0.014
76 16 0.017
76 41 0.009000000000000001
76 53 0.003
76 62 0.003
76 64 0.002
76 66 0.004
76 69 0.001
76 70 0.002
76 85 0.009000000000000001
76 93 0.004
76 125 0.012
77 1 0.02
77 3 0.014
77 49 0.009000000000000001
77 59 0.002
77 63 0.003
77 98 0.008
77 111 0.008
77 125 0.006
78 0 0.012
78 7 0.016
78 47 0.009000000000000001
78 67 0.002
78 74 0.001
78 81 0.006
78 83 0.001
78 88 0.001
78 91 0.002
78 95 0.002
79 1 0.02
79 6 0.013000000000000001
79 10 0.009000000000000001
79 12 0.01
79 35 0.019
79 58 0.005
79 60 0.019
79 61 0.005
79 72 0.015
79 75 0.001
79 84 0.005
79 94 0.005
80 11 0.014
80 23 0.016
80 68 0.004
80 71 0.008
80 81 0.018000000000000002
80 87 0.001
80 103 0.002
80 107 0.015
80 108 0.003
80 109 0.002
80 135 0.014
81 0 0.02
81 11 0.011
81 20 0.016
81 67 0.004
81 71 0.012
81 74 0.007
81 78 0.006
81 80 0.018000000000000002
81 91 0.012
81 95 0.018000000000000002
81 107 0.008
81 108 0.016
82 1 0.014
82 4 0.014
82 54 0.011
82 60 0.003
82 65 0.005
82 97 0.014
82 98 0.011
82 100 0.011
82 101 0.009000000000000001
82 102 0.015
82 105 0.005
82 106 0.006
82 115 0.01
82 116 0.004
82 131 0.012
83 0 0.015
83 47 0.019
83 51 0.014
83 67 0.003
83 74 0.002
83 78 0.001
83 86 0.011
83 88 0.001
83 91 0.002
83 95 0.002
83 96 0.013000000000000001
83 113 0.013000000000000001
83 123 0.019
84 10 0.02
84 26 0.017
84 34 0.017
84 35 0.012
84 46 0.017
84 58 0.005
84 61 0.002
84 72 0.002
84 75 0.005
84 79 0.005
84 94 0.002
84 128 0.011
85 16 0.02
85 62 0.011
85 66 0.002
85 69 0.006
85 76 0.009000000000000001
85 90 0.004
85 92 0.005
85 93 0.002
85 125 0.016
86 24 0.017
86 47 0.013000000000000001
86 66 0.013000000000000001
86 74 0.007
86 83 0.011
86 90 0.014
86 91 0.007
86 92 0.018000000000000002
86 96 0.001
86 99 0.003
86 110 0.002
86 113 0.003
86 114 0.007
86 123 0.005
86 133 0.009000000000000001
86 137 0.01
87 11 0.015
87 68 0.004
87 80 0.001
87 103 0.002
87 108 0.002
87 109 0.002
88 0 0.017
88 67 0.004
88 74 0.002
88 78 0.001
88 83 0.001
88 91 0.001
88 95 0.001
88 113 0.02
88 123 0.014
89 63 0.007
89 98 0.004
89 104 0.002
89 111 0.003
89 112 0.003
89 125 0.003
90 24 0.015
90 66 0.004
90 85 0.004
90 86 0.014
90 92 0.001
90 93 0.013000000000000001
90 114 0.002
90 137 0.013000000000000001
91 0 0.019
91 30 0.019
91 36 0.019
91 47 0.019
91 50 0.018000000000000002
91 51 0.011
91 67 0.005
91 74 0.003
91 78 0.002
91 81 0.012
91 83 0.002
91 86 0.007
91 88 0.001
91 95 0.001
91 96 0.009000000000000001
91 99 0.016
91 110 0.014
91 113 0.007
91 123 0.007
92 24 0.018000000000000002
92 66 0.004
92 85 0.005
92 86 0.018000000000000002
92 90 0.001
92 93 0.012
92 114 0.003
92 137 0.012
93 41 0.018000000000000002
93 53 0.012
93 62 0.01
93 64 0.009000000000000001
93 66 0.004
93 69 0.004
93 70 0.008
93 73 0.014
93 76 0.004
93 85 0.002
93 90 0.013000000000000001
93 92 0.012
93 125 0.01
93 129 0.003
93 155 0.02
94 35 0.019
94 58 0.006
94 61 0.004
94 72 0.003
94 75 0.004
94 79 0.005
94 84 0.002
94 128 0.007
95 0 0.019
95 67 0.007
95 74 0.003
95 78 0.002
95 81 0.018000000000000002
95 83 0.002
95 88 0.001
95 91 0.001
95 113 0.013000000000000001
95 123 0.009000000000000001
96 66 0.019
96 74 0.01
96 83 0.013000000000000001
96 86 0.001
96 91 0.009000000000000001
96 110 0.003
96 113 0.002
96 114 0.007
96 153 0.018000000000000002
97 6 0.02
97 10 0.019
97 61 0.019
97 82 0.014
97 100 0.001
97 101 0.001
97 102 0.001
97 105 0.003
97 115 0.002
97 117 0.002
97 120 0.002
97 131 0.005
97 132 0.004
97 143 0.013000000000000001
97 145 0.019
98 63 0.007
98 77 0.008
98 82 0.011
98 89 0.004
98 104 0.008
98 105 0.014
98 106 0.003
98 111 0.008
98 112 0.006
98 116 0.006
98 118 0.002
98 122 0.002
98 124 0.003
98 125 0.007
98 126 0.003
98 127 0.003
98 130 0.003
98 142 0.007
98 145 0.017
98 147 0.008
98 148 0.011
98 150 0.017
98 159 0.017
99 24 0.019
99 66 0.009000000000000001
99 86 0.003
99 91 0.016
99 110 0.001
99 113 0.008
99 114 0.002
99 133 0.004
99 137 0.005
99 153 0.016
100 6 0.02
100 10 0.02
100 60 0.02
100 82 0.011
100 97 0.001
100 101 0.002
100 102 0.001
100 105 0.002
100 115 0.002
100 117 0.002
100 120 0.002
100 131 0.005
100 132 0.004
100 143 0.013000000000000001
101 10 0.019
101 61 0.016
101 82 0.009000000000000001
101 97 0.001
101 100 0.002
101 102 0.001
101 105 0.004
101 115 0.002
101 116 0.016
101 117 0.002
101 120 0.002
101 131 0.004
101 132 0.005
101 143 0.011
101 145 0.017
102 10 0.02
102 61 0.019
102 82 0.015
102 97 0.001
102 100 0.001
102 101 0.001
102 105 0.003
102 115 0.002
102 117 0.002
102 120 0.002
102 131 0.004
102 132 0.003
103 80 0.002
103 87 0.002
103 108 0.001
103 109 0.001
104 63 0.014
104 89 0.002
104 98 0.008
104 111 0.001
104 112 0.001
104 125 0.002
104 155 0.016
105 82 0.005
105 97 0.003
105 98 0.014
105 100 0.002
105 101 0.004
105 102 0.003
105 115 0.004
105 116 0.003
105 117 0.006
105 120 0.005
105 130 0.017
105 131 0.006
105 132 0.006
106 82 0.006
106 98 0.003
106 115 0.015
106 116 0.002
106 125 0.013000000000000001
106 126 0.018000000000000002
106 130 0.005
106 131 0.015
107 11 0.02
107 71 0.005
107 80 0.015
107 81 0.008
107 108 0.008
107 119 0.002
107 121 0.004
107 134 0.005
107 135 0.015
107 136 0.017
107 138 0.017
107 144 0.008
107 146 0.009000000000000001
107 157 0.014
108 55 0.018000000000000002
108 57 0.02
108 68 0.007
108 71 0.012
108 80 0.003
108 81 0.016
108 87 0.002
108 103 0.001
108 107 0.008
108 109 0.001
108 119 0.013000000000000001
108 121 0.012
108 134 0.014
108 135 0.007
109 80 0.002
109 87 0.002
109 103 0.001
109 108 0.001
110 66 0.013000000000000001
110 86 0.002
110 91 0.014
110 96 0.003
110 99 0.001
110 113 0.005
110 114 0.004
110 133 0.01
110 153 0.014
111 59 0.011
111 63 0.015
111 73 0.006
111 77 0.008
111 89 0.003
111 98 0.008
111 104 0.001
111 112 0.001
111 125 0.001
111 155 0.012
112 63 0.016
112 89 0.003
112 98 0.006
112 104 0.001
112 111 0.001
112 125 0.001
112 155 0.013000000000000001
113 74 0.012
113 83 0.013000000000000001
113 86 0.003
113 88 0.02
113 91 0.007
113 95 0.013000000000000001
113 96 0.002
113 99 0.008
113 110 0.005
113 114 0.01
113 123 0.011
113 153 0.015
114 66 0.009000000000000001
114 86 0.007
114 90 0.002
114 92 0.003
114 96 0.007
114 99 0.002
114 110 0.004
114 113 0.01
114 133 0.003
114 137 0.004
114 153 0.012
115 61 0.018000000000000002
115 65 0.013000000000000001
115 82 0.01
115 97 0.002
115 100 0.002
115 101 0.002
115 102 0.002
115 105 0.004
115 106 0.015
115 116 0.01
115 117 0.001
115 120 0.001
115 131 0.002
115 132 0.002
115 143 0.012
115 145 0.016
116 82 0.004
116 98 0.006
116 101 0.016
116 105 0.003
116 106 0.002
116 115 0.01
116 118 0.015
116 122 0.011
116 124 0.016
116 125 0.018000000000000002
116 127 0.01
116 130 0.008
116 131 0.01
117 97 0.002
117 100 0.002
117 101 0.002
117 102 0.002
117 105 0.006
117 115 0.001
117 120 0.001
117 131 0.002
117 132 0.002
118 98 0.002
118 116 0.015
118 122 0.001
118 124 0.001
118 125 0.007
118 126 0.002
118 127 0.001
118 130 0.002
118 142 0.012
119 107 0.002
119 108 0.013000000000000001
119 121 0.001
119 134 0.002
119 135 0.017
119 144 0.004
119 146 0.004
119 157 0.007
120 97 0.002
120 100 0.002
120 101 0.002
120 102 0.002
120 105 0.005
120 115 0.001
120 117 0.001
120 131 0.001
120 132 0.002
121 107 0.004
121 108 0.012
121 119 0.001
121 134 0.001
121 136 0.014
121 138 0.012
121 144 0.004
121 146 0.004
121 157 0.01
122 98 0.002
122 116 0.011
122 118 0.001
122 124 0.001
122 125 0.009000000000000001
122 126 0.003
122 127 0.001
122 130 0.002
122 131 0.02
122 142 0.008
122 187 0.018000000000000002
123 74 0.014
123 83 0.019
123 86 0.005
123 88 0.014
123 91 0.007
123 95 0.009000000000000001
123 113 0.011
123 136 0.005
123 139 0.004
123 153 0.016
123 154 0.008
124 98 0.003
124 116 0.016
124 118 0.001
124 122 0.001
124 125 0.008
124 126 0.002
124 127 0.001
124 130 0.002
124 142 0.008
124 187 0.018000000000000002
125 8 0.019
125 14 0.019
125 19 0.018000000000000002
125 41 0.019
125 49 0.013000000000000001
125 53 0.02
125 59 0.01
125 62 0.011
125 63 0.009000000000000001
125 64 0.013000000000000001
125 69 0.018000000000000002
125 70 0.011
125 73 0.006
125 76 0.012
125 77 0.006
125 85 0.016
125 89 0.003
125 93 0.01
125 98 0.007
125 104 0.002
125 106 0.013000000000000001
125 111 0.001
125 112 0.001
125 116 0.018000000000000002
125 118 0.007
125 122 0.009000000000000001
125 124 0.008
125 126 0.004
125 127 0.01
125 129 0.005
125 130 0.005
125 141 0.018000000000000002
125 142 0.017
125 147 0.014
125 148 0.009000000000000001
125 155 0.005
125 159 0.017
125 169 0.009000000000000001
125 181 0.018000000000000002
126 98 0.003
126 106 0.018000000000000002
126 118 0.002
126 122 0.003
126 124 0.002
126 125 0.004
126 127 0.003
126 130 0.001
126 142 0.013000000000000001
127 98 0.003
127 116 0.01
127 118 0.001
127 122 0.001
127 124 0.001
127 125 0.01
127 126 0.003
127 130 0.003
127 131 0.019
127 142 0.006
127 187 0.016
128 61 0.011
128 84 0.011
128 94 0.007
128 149 0.006
128 164 0.014
128 180 0.019
129 66 0.018000000000000002
129 93 0.003
129 125 0.005
129 141 0.003
129 151 0.009000000000000001
129 152 0.009000000000000001
129 153 0.016
129 155 0.005
129 156 0.005
129 177 0.014
130 98 0.003
130 105 0.017
130 106 0.005
130 116 0.008
130 118 0.002
130 122 0.002
130 124 0.002
130 125 0.005
130 126 0.001
130 127 0.003
130 142 0.009000000000000001
130 147 0.01
130 148 0.008
130 159 0.016
130 187 0.02
131 82 0.012
131 97 0.005
131 100 0.005
131 101 0.004
131 102 0.004
131 105 0.006
131 106 0.015
131 115 0.002
131 116 0.01
131 117 0.002
131 120 0.001
131 122 0.02
131 127 0.019
131 132 0.001
131 142 0.017
131 143 0.006
131 145 0.013000000000000001
131 150 0.017
132 97 0.004
132 100 0.004
132 101 0.005
132 102 0.003
132 105 0.006
132 115 0.002
132 117 0.002
132 120 0.002
132 131 0.001
132 143 0.002
133 66 0.014
133 86 0.009000000000000001
133 99 0.004
133 110 0.01
133 114 0.003
133 137 0.001
133 153 0.006
133 156 0.02
134 107 0.005
134 108 0.014
134 119 0.002
134 121 0.001
134 136 0.011
134 144 0.002
134 146 0.002
134 157 0.005
135 80 0.014
135 107 0.015
135 108 0.007
135 119 0.017
135 140 0.001
135 157 0.009000000000000001
135 158 0.005
135 161 0.006
135 184 0.016
136 107 0.017
136 121 0.014
136 123 0.005
136 134 0.011
136 138 0.001
136 139 0.003
136 144 0.007
136 146 0.006
136 154 0.01
136 157 0.01
136 162 0.005
136 166 0.009000000000000001
136 174 0.009000000000000001
136 175 0.008
137 66 0.017
137 86 0.01
137 90 0.013000000000000001
137 92 0.012
137 99 0.005
137 114 0.004
137 133 0.001
137 153 0.003
137 156 0.017
138 107 0.017
138 121 0.012
138 136 0.001
138 139 0.004
138 144 0.005
138 146 0.004
138 154 0.016
138 157 0.008
139 123 0.004
139 136 0.003
139 138 0.004
139 144 0.017
139 146 0.015
139 153 0.016
139 154 0.007
139 157 0.017
139 162 0.005
139 174 0.015
139 175 0.015
140 135 0.001
140 144 0.013000000000000001
140 146 0.02
140 157 0.011
140 158 0.002
140 161 0.003
140 184 0.01
140 192 0.011
140 213 0.017
141 125 0.018000000000000002
141 129 0.003
141 151 0.001
141 152 0.001
141 153 0.008
141 155 0.003
141 156 0.002
141 177 0.005
142 98 0.007
142 118 0.012
142 122 0.008
142 124 0.008
142 125 0.017
142 126 0.013000000000000001
142 127 0.006
142 130 0.009000000000000001
142 131 0.017
142 147 0.001
142 148 0.003
142 159 0.004
142 167 0.006
142 169 0.015
142 171 0.007
142 172 0.006
142 173 0.008
142 179 0.019
142 187 0.01
142 189 0.019
143 97 0.013000000000000001
143 100 0.013000000000000001
143 101 0.011
143 115 0.012
143 131 0.006
143 132 0.002
143 145 0.002
143 150 0.005
143 168 0.012
144 107 0.008
144 119 0.004
144 121 0.004
144 134 0.002
144 136 0.007
144 138 0.005
144 139 0.017
144 140 0.013000000000000001
144 146 0.001
144 157 0.003
145 97 0.019
145 98 0.017
145 101 0.017
145 115 0.016
145 131 0.013000000000000001
145 143 0.002
145 148 0.013000000000000001
145 150 0.01
145 160 0.004
145 165 0.002
145 168 0.004
145 176 0.01
146 107 0.009000000000000001
146 119 0.004
146 121 0.004
146 134 0.002
146 136 0.006
146 138 0.004
146 139 0.015
146 140 0.02
146 144 0.001
146 157 0.002
147 98 0.008
147 125 0.014
147 130 0.01
147 142 0.001
147 148 0.002
147 159 0.004
147 169 0.017
147 171 0.006
147 172 0.005
147 187 0.007
148 98 0.011
148 125 0.009000000000000001
148 130 0.008
148 142 0.003
148 145 0.013000000000000001
148 147 0.002
148 150 0.011
148 159 0.002
148 165 0.011
148 167 0.005
148 168 0.011
148 169 0.005
148 171 0.006
148 172 0.008
148 173 0.004
148 187 0.006
149 128 0.006
149 163 0.002
149 164 0.002
149 170 0.002
149 176 0.012
149 180 0.004
149 191 0.008
149 209 0.02
150 98 0.017
150 131 0.017
150 143 0.005
150 145 0.01
150 148 0.011
150 165 0.001
150 168 0.002
150 171 0.007
150 172 0.003
150 187 0.013000000000000001
150 193 0.011
151 129 0.009000000000000001
151 141 0.001
151 152 0.001
151 155 0.001
151 156 0.001
151 177 0.003
152 129 0.009000000000000001
152 141 0.001
152 151 0.001
152 155 0.002
152 156 0.001
152 177 0.003
153 96 0.018000000000000002
153 99 0.016
153 110 0.014
153 113 0.015
153 114 0.012
153 123 0.016
153 129 0.016
153 133 0.006
153 137 0.003
153 139 0.016
153 141 0.008
153 154 0.006
153 156 0.008
153 177 0.016
153 178 0.003
154 123 0.008
154 136 0.01
154 138 0.016
154 139 0.007
154 153 0.006
154 162 0.007
154 166 0.002
154 174 0.005
154 175 0.008
154 186 0.015
154 198 0.011
154 199 0.019
155 93 0.02
155 104 0.016
155 111 0.012
155 112 0.013000000000000001
155 125 0.005
155 129 0.005
155 141 0.003
155 151 0.001
155 152 0.002
155 156 0.003
155 169 0.009000000000000001
155 177 0.003
155 181 0.003
155 182 0.007
155 203 0.015
155 204 0.012
155 210 0.012
155 211 0.012
155 220 0.02
156 129 0.005
156 133 0.02
156 137 0.017
156 141 0.002
156 151 0.001
156 152 0.001
156 153 0.008
156 155 0.003
156 177 0.003
157 107 0.014
157 119 0.007
157 121 0.01
157 134 0.005
157 135 0.009000000000000001
157 136 0.01
157 138 0.008
157 139 0.017
157 140 0.011
157 144 0.003
157 146 0.002
157 162 0.01
157 174 0.02
157 175 0.011
158 135 0.005
158 140 0.002
158 161 0.001
158 184 0.005
158 213 0.01
159 98 0.017
159 125 0.017
159 130 0.016
159 142 0.004
159 147 0.004
159 148 0.002
159 167 0.002
159 169 0.006
159 171 0.003
159 172 0.005
159 173 0.003
159 187 0.004
159 200 0.013000000000000001
160 145 0.004
160 165 0.006
160 168 0.005
160 172 0.013000000000000001
160 176 0.004
160 193 0.005
161 135 0.006
161 140 0.003
161 158 0.001
161 184 0.004
161 213 0.009000000000000001
162 136 0.005
162 139 0.005
162 154 0.007
162 157 0.01
162 166 0.004
162 174 0.003
162 175 0.003
162 185 0.013000000000000001
162 205 0.019
163 149 0.002
163 164 0.001
163 170 0.001
163 180 0.002
163 191 0.003
164 128 0.014
164 149 0.002
164 163 0.001
164 170 0.001
164 176 0.009000000000000001
164 180 0.002
164 191 0.003
164 209 0.009000000000000001
165 145 0.002
165 148 0.011
165 150 0.001
165 160 0.006
165 168 0.001
165 176 0.01
165 187 0.013000000000000001
166 136 0.009000000000000001
166 154 0.002
166 162 0.004
166 174 0.002
166 175 0.005
166 178 0.019
166 194 0.01
166 202 0.01
167 142 0.006
167 148 0.005
167 159 0.002
167 169 0.007
167 171 0.001
167 172 0.003
167 173 0.003
167 187 0.003
167 200 0.015
167 207 0.019
168 143 0.012
168 145 0.004
168 148 0.011
168 150 0.002
168 160 0.005
168 165 0.001
168 169 0.02
168 176 0.01
168 187 0.011
169 125 0.009000000000000001
169 142 0.015
169 147 0.017
169 148 0.005
169 155 0.009000000000000001
169 159 0.006
169 167 0.007
169 168 0.02
169 171 0.009000000000000001
169 172 0.012
169 173 0.004
169 179 0.002
169 181 0.006
169 182 0.002
169 187 0.007
169 189 0.003
169 197 0.006
169 200 0.005
169 203 0.005
169 207 0.007
169 215 0.007
169 219 0.02
169 221 0.017
169 236 0.016
170 149 0.002
170 163 0.001
170 164 0.001
170 180 0.001
170 191 0.003
170 209 0.02
171 142 0.007
171 147 0.006
171 148 0.006
171 150 0.007
171 159 0.003
171 167 0.001
171 169 0.009000000000000001
171 172 0.002
171 173 0.006
171 187 0.002
171 200 0.014
171 207 0.018000000000000002
172 142 0.006
172 147 0.005
172 148 0.008
172 150 0.003
172 159 0.005
172 160 0.013000000000000001
172 167 0.003
172 169 0.012
172 171 0.002
172 176 0.015
172 187 0.004
172 200 0.019
172 207 0.019
173 142 0.008
173 148 0.004
173 159 0.003
173 167 0.003
173 169 0.004
173 171 0.006
173 187 0.002
173 189 0.006
173 197 0.005
173 200 0.008
173 207 0.018000000000000002
174 136 0.009000000000000001
174 139 0.015
174 154 0.005
174 157 0.02
174 162 0.003
174 166 0.002
174 175 0.003
174 185 0.016
174 194 0.012
174 202 0.011
174 205 0.012
174 249 0.018000000000000002
175 136 0.008
175 139 0.015
175 154 0.008
175 157 0.011
175 162 0.003
175 166 0.005
175 174 0.003
175 185 0.008
175 188 0.008
175 205 0.016
175 249 0.018000000000000002
176 145 0.01
176 149 0.012
176 160 0.004
176 164 0.009000000000000001
176 165 0.01
176 168 0.01
176 172 0.015
176 193 0.002
177 129 0.014
177 141 0.005
177 151 0.003
177 152 0.003
177 153 0.016
177 155 0.003
177 156 0.003
177 204 0.004
177 211 0.009000000000000001
178 153 0.003
178 166 0.019
178 183 0.002
178 186 0.004
178 190 0.002
178 194 0.003
178 195 0.006
178 196 0.006
178 198 0.01
178 202 0.005
178 205 0.007
178 208 0.014
178 216 0.011
178 218 0.012
178 223 0.012
178 224 0.013000000000000001
178 230 0.019
179 142 0.019
179 169 0.002
179 181 0.009000000000000001
179 187 0.005
179 189 0.002
179 197 0.004
179 200 0.005
179 203 0.012
179 207 0.01
180 128 0.019
180 149 0.004
180 163 0.002
180 164 0.002
180 170 0.001
180 191 0.002
180 209 0.014
181 125 0.018000000000000002
181 155 0.003
181 169 0.006
181 179 0.009000000000000001
181 182 0.002
181 189 0.013000000000000001
181 197 0.018000000000000002
181 200 0.013000000000000001
181 203 0.003
181 207 0.014
181 210 0.005
181 211 0.018000000000000002
181 215 0.007
181 228 0.013000000000000001
181 231 0.012
181 236 0.017
181 241 0.014
182 155 0.007
182 169 0.002
182 181 0.002
182 203 0.002
182 207 0.014
183 178 0.002
183 186 0.001
183 190 0.001
183 194 0.002
183 195 0.003
183 198 0.006
183 202 0.002
183 205 0.003
183 216 0.01
183 218 0.019
183 223 0.012
183 224 0.012
183 249 0.018000000000000002
184 135 0.016
184 140 0.01
184 158 0.005
184 161 0.004
184 185 0.006
184 192 0.001
184 213 0.003
185 162 0.013000000000000001
185 174 0.016
185 175 0.008
185 184 0.006
185 188 0.001
185 198 0.015
185 199 0.004
185 201 0.003
185 206 0.004
185 208 0.012
185 212 0.006
185 213 0.009000000000000001
185 214 0.007
185 222 0.015
186 154 0.015
186 178 0.004
186 183 0.001
186 190 0.002
186 194 0.002
186 195 0.002
186 198 0.006
186 202 0.002
186 205 0.004
186 216 0.013000000000000001
186 223 0.016
186 234 0.017
186 249 0.015
187 122 0.018000000000000002
187 124 0.018000000000000002
187 127 0.016
187 130 0.02
187 142 0.01
187 147 0.007
187 148 0.006
187 150 0.013000000000000001
187 159 0.004
187 165 0.013000000000000001
187 167 0.003
187 168 0.011
187 169 0.007
187 171 0.002
187 172 0.004
187 173 0.002
187 179 0.005
187 189 0.006
187 197 0.003
187 200 0.004
187 203 0.018000000000000002
187 207 0.008
187 215 0.019
188 175 0.008
188 185 0.001
188 198 0.015
188 199 0.002
188 201 0.002
188 206 0.003
188 208 0.011
188 212 0.005
188 213 0.014
188 214 0.007
188 222 0.012
188 223 0.02
188 226 0.015
188 230 0.02
188 234 0.019
188 249 0.017
189 142 0.019
189 169 0.003
189 173 0.006
189 179 0.002
189 181 0.013000000000000001
189 187 0.006
189 197 0.002
189 200 0.002
189 207 0.005
190 178 0.002
190 183 0.001
190 186 0.002
190 194 0.001
190 195 0.003
190 198 0.008
190 202 0.002
190 205 0.004
190 218 0.012
190 249 0.016
191 149 0.008
191 163 0.003
191 164 0.003
191 170 0.003
191 180 0.002
191 209 0.008
192 140 0.011
192 184 0.001
192 213 0.003
193 150 0.011
193 160 0.005
193 176 0.002
193 217 0.005
194 166 0.01
194 174 0.012
194 178 0.003
194 183 0.002
194 186 0.002
194 190 0.001
194 195 0.002
194 196 0.006
194 202 0.002
194 205 0.005
194 218 0.012
194 234 0.017
194 249 0.014
195 178 0.006
195 183 0.003
195 186 0.002
195 190 0.003
195 194 0.002
195 198 0.005
195 202 0.001
195 205 0.001
195 223 0.014
195 234 0.013000000000000001
195 249 0.011
196 178 0.006
196 194 0.006
196 202 0.01
196 204 0.007
196 218 0.002
196 227 0.007
196 249 0.017
197 169 0.006
197 173 0.005
197 179 0.004
197 181 0.018000000000000002
197 187 0.003
197 189 0.002
197 200 0.002
197 203 0.01
197 207 0.002
197 215 0.01
197 219 0.013000000000000001
198 154 0.011
198 178 0.01
198 183 0.006
198 185 0.015
198 186 0.006
198 188 0.015
198 190 0.008
198 195 0.005
198 202 0.009000000000000001
198 205 0.003
198 208 0.008
198 212 0.016
198 216 0.006
198 223 0.009000000000000001
198 224 0.012
198 234 0.009000000000000001
198 249 0.009000000000000001
199 154 0.019
199 185 0.004
199 188 0.002
199 201 0.002
199 206 0.003
199 208 0.005
199 212 0.004
199 214 0.003
199 222 0.007
199 223 0.012
199 226 0.016
199 234 0.011
199 249 0.011
200 159 0.013000000000000001
200 167 0.015
200 169 0.005
200 171 0.014
200 172 0.019
200 173 0.008
200 179 0.005
200 181 0.013000000000000001
200 187 0.004
200 189 0.002
200 197 0.002
200 203 0.02
200 207 0.002
200 215 0.019
200 219 0.018000000000000002
201 185 0.003
201 188 0.002
201 199 0.002
201 206 0.001
201 212 0.002
201 213 0.015
201 214 0.003
201 223 0.017
201 249 0.014
202 166 0.01
202 174 0.011
202 178 0.005
202 183 0.002
202 186 0.002
202 190 0.002
202 194 0.002
202 195 0.001
202 196 0.01
202 198 0.009000000000000001
202 205 0.003
202 218 0.017
202 223 0.012
202 234 0.014
202 249 0.011
203 155 0.015
203 169 0.005
203 179 0.012
203 181 0.003
203 182 0.002
203 187 0.018000000000000002
203 197 0.01
203 200 0.02
203 207 0.009000000000000001
203 210 0.012
204 155 0.012
204 177 0.004
204 196 0.007
204 211 0.004
204 218 0.008
204 220 0.006
204 225 0.004
204 227 0.007
204 240 0.007
204 247 0.012
204 251 0.014
204 264 0.018000000000000002
205 162 0.019
205 174 0.012
205 175 0.016
205 178 0.007
205 183 0.003
205 186 0.004
205 190 0.004
205 194 0.005
205 195 0.001
205 198 0.003
205 202 0.003
205 218 0.019
205 223 0.007
205 234 0.011
205 249 0.008
206 185 0.004
206 188 0.003
206 199 0.003
206 201 0.001
206 212 0.001
206 213 0.014
206 214 0.002
206 223 0.017
206 229 0.019
206 244 0.016
206 249 0.012
207 167 0.019
207 169 0.007
207 171 0.018000000000000002
207 172 0.019
207 173 0.018000000000000002
207 179 0.01
207 181 0.014
207 182 0.014
207 187 0.008
207 189 0.005
207 197 0.002
207 200 0.002
207 203 0.009000000000000001
207 215 0.007
207 219 0.01
207 221 0.009000000000000001
208 178 0.014
208 185 0.012
208 188 0.011
208 198 0.008
208 199 0.005
208 212 0.01
208 216 0.003
208 222 0.004
208 223 0.004
208 224 0.005
208 230 0.005
208 234 0.005
208 238 0.005
208 249 0.006
209 149 0.02
209 164 0.009000000000000001
209 170 0.02
209 180 0.014
209 191 0.008
209 237 0.004
210 155 0.012
210 181 0.005
210 203 0.012
210 211 0.012
210 228 0.004
210 231 0.004
210 241 0.01
211 155 0.012
211 177 0.009000000000000001
211 181 0.018000000000000002
211 204 0.004
211 210 0.012
211 220 0.001
211 225 0.006
211 227 0.016
211 228 0.007
211 231 0.013000000000000001
211 240 0.005
211 247 0.012
211 251 0.013000000000000001
211 255 0.017
211 264 0.017
212 185 0.006
212 188 0.005
212 198 0.016
212 199 0.004
212 201 0.002
212 206 0.001
212 208 0.01
212 213 0.012
212 214 0.001
212 222 0.01
212 223 0.02
212 229 0.013000000000000001
212 244 0.013000000000000001
212 249 0.012
213 140 0.017
213 158 0.01
213 161 0.009000000000000001
213 184 0.003
213 185 0.009000000000000001
213 188 0.014
213 192 0.003
213 201 0.015
213 206 0.014
213 212 0.012
213 226 0.015
213 229 0.005
213 233 0.01
214 185 0.007
214 188 0.007
214 199 0.003
214 201 0.003
214 206 0.002
214 212 0.001
214 223 0.012
214 229 0.018000000000000002
214 234 0.007
214 244 0.011
214 249 0.009000000000000001
215 169 0.007
215 181 0.007
215 187 0.019
215 197 0.01
215 200 0.019
215 207 0.007
215 219 0.018000000000000002
215 236 0.011
215 241 0.019
215 243 0.018000000000000002
216 178 0.011
216 183 0.01
216 186 0.013000000000000001
216 198 0.006
216 208 0.003
216 222 0.006
216 223 0.001
216 224 0.001
216 230 0.004
216 234 0.005
216 238 0.004
216 249 0.004
217 193 0.005
217 232 0.003
217 235 0.004
217 246 0.011
217 248 0.013000000000000001
217 250 0.02
217 252 0.015
217 263 0.012
217 278 0.017
218 178 0.012
218 183 0.019
218 190 0.012
218 194 0.012
218 196 0.002
218 202 0.017
218 204 0.008
218 205 0.019
218 223 0.011
218 225 0.008
218 227 0.003
218 240 0.02
218 245 0.017
218 247 0.011
218 249 0.012
218 251 0.012
219 169 0.02
219 197 0.013000000000000001
219 200 0.018000000000000002
219 207 0.01
219 215 0.018000000000000002
219 221 0.001
219 236 0.015
219 243 0.013000000000000001
219 246 0.011
219 250 0.008
219 257 0.012
219 259 0.013000000000000001
219 263 0.008
220 155 0.02
220 204 0.006
220 211 0.001
220 227 0.011
220 240 0.005
220 251 0.011
220 264 0.014
221 169 0.017
221 207 0.009000000000000001
221 219 0.001
221 250 0.02
221 259 0.014
221 263 0.01
222 185 0.015
222 188 0.012
222 199 0.007
222 208 0.004
222 212 0.01
222 216 0.006
222 223 0.005
222 224 0.004
222 229 0.017
222 230 0.003
222 234 0.002
222 238 0.003
222 249 0.004
223 178 0.012
223 183 0.012
223 186 0.016
223 188 0.02
223 195 0.014
223 198 0.009000000000000001
223 199 0.012
223 201 0.017
223 202 0.012
223 205 0.007
223 206 0.017
223 208 0.004
223 212 0.02
223 214 0.012
223 216 0.001
223 218 0.011
223 222 0.005
223 224 0.001
223 230 0.003
223 234 0.005
223 238 0.003
223 245 0.011
223 249 0.003
224 178 0.013000000000000001
224 183 0.012
224 198 0.012
224 208 0.005
224 216 0.001
224 222 0.004
224 223 0.001
224 230 0.002
224 234 0.004
224 238 0.003
224 249 0.003
225 204 0.004
225 211 0.006
225 218 0.008
225 227 0.003
225 240 0.003
225 247 0.005
225 251 0.006
225 264 0.01
226 188 0.015
226 199 0.016
226 213 0.015
226 229 0.003
226 233 0.002
226 234 0.008
226 239 0.003
226 244 0.003
226 249 0.009000000000000001
227 196 0.007
227 204 0.007
227 211 0.016
227 218 0.003
227 220 0.011
227 225 0.003
227 240 0.006
227 247 0.005
227 251 0.006
227 264 0.01
228 181 0.013000000000000001
228 210 0.004
228 211 0.007
228 231 0.001
228 255 0.009000000000000001
228 264 0.018000000000000002
229 206 0.019
229 212 0.013000000000000001
229 213 0.005
229 214 0.018000000000000002
229 222 0.017
229 226 0.003
229 230 0.019
229 233 0.001
229 234 0.014
229 238 0.019
229 239 0.003
229 244 0.005
229 249 0.019
229 260 0.007
230 178 0.019
230 188 0.02
230 208 0.005
230 216 0.004
230 222 0.003
230 223 0.003
230 224 0.002
230 229 0.019
230 234 0.001
230 238 0.001
230 249 0.002
231 181 0.012
231 210 0.004
231 211 0.013000000000000001
231 228 0.001
231 255 0.009000000000000001
232 217 0.003
232 235 0.001
232 246 0.016
232 248 0.006
232 250 0.013000000000000001
232 252 0.012
232 263 0.006
232 266 0.009000000000000001
232 278 0.01
233 213 0.01
233 226 0.002
233 229 0.001
233 239 0.001
233 244 0.003
233 249 0.014
234 186 0.017
234 188 0.019
234 194 0.017
234 195 0.013000000000000001
234 198 0.009000000000000001
234 199 0.011
234 202 0.014
234 205 0.011
234 208 0.005
234 214 0.007
234 216 0.005
234 222 0.002
234 223 0.005
234 224 0.004
234 226 0.008
234 229 0.014
234 230 0.001
234 238 0.001
234 244 0.006
234 249 0.003
235 217 0.004
235 232 0.001
235 248 0.007
235 250 0.007
235 252 0.014
235 263 0.004
235 266 0.009000000000000001
235 278 0.01
236 169 0.016
236 181 0.017
236 215 0.011
236 219 0.015
236 241 0.007
236 243 0.001
236 270 0.017
236 272 0.014
237 209 0.004
237 242 0.001
237 248 0.003
237 252 0.002
237 253 0.002
237 258 0.005
237 265 0.008
237 266 0.008
237 274 0.008
237 275 0.008
237 278 0.01
238 208 0.005
238 216 0.004
238 222 0.003
238 223 0.003
238 224 0.003
238 229 0.019
238 230 0.001
238 234 0.001
238 245 0.01
238 249 0.001
239 226 0.003
239 229 0.003
239 233 0.001
239 244 0.002
239 249 0.011
239 268 0.014
240 204 0.007
240 211 0.005
240 218 0.02
240 220 0.005
240 225 0.003
240 227 0.006
240 247 0.003
240 251 0.004
240 255 0.006
240 264 0.005
241 181 0.014
241 210 0.01
241 215 0.019
241 236 0.007
241 243 0.007
241 256 0.007
242 237 0.001
242 248 0.002
242 252 0.001
242 253 0.001
242 258 0.004
242 265 0.006
242 266 0.007
242 274 0.006
242 275 0.007
242 278 0.01
243 215 0.018000000000000002
243 219 0.013000000000000001
243 236 0.001
243 241 0.007
243 263 0.018000000000000002
243 270 0.012
243 272 0.009000000000000001
244 206 0.016
244 212 0.013000000000000001
244 214 0.011
244 226 0.003
244 229 0.005
244 233 0.003
244 234 0.006
244 239 0.002
244 249 0.007
244 254 0.006
244 260 0.007
244 268 0.014
244 289 0.015
245 218 0.017
245 223 0.011
245 238 0.01
245 249 0.003
245 261 0.002
245 277 0.006
246 217 0.011
246 219 0.011
246 232 0.016
246 250 0.002
246 252 0.019
246 257 0.003
246 259 0.004
246 263 0.002
247 204 0.012
247 211 0.012
247 218 0.011
247 225 0.005
247 227 0.005
247 240 0.003
247 251 0.001
247 264 0.003
248 217 0.013000000000000001
248 232 0.006
248 235 0.007
248 237 0.003
248 242 0.002
248 252 0.003
248 253 0.002
248 258 0.002
248 265 0.003
248 266 0.004
248 274 0.003
248 275 0.004
248 278 0.007
249 174 0.018000000000000002
249 175 0.018000000000000002
249 183 0.018000000000000002
249 186 0.015
249 188 0.017
249 190 0.016
249 194 0.014
249 195 0.011
249 196 0.017
249 198 0.009000000000000001
249 199 0.011
249 201 0.014
249 202 0.011
249 205 0.008
249 206 0.012
249 208 0.006
249 212 0.012
249 214 0.009000000000000001
249 216 0.004
249 218 0.012
249 222 0.004
249 223 0.003
249 224 0.003
249 226 0.009000000000000001
249 229 0.019
249 230 0.002
249 233 0.014
249 234 0.003
249 238 0.001
249 239 0.011
249 244 0.007
249 245 0.003
249 260 0.007
249 261 0.008
249 277 0.009000000000000001
249 282 0.017
249 285 0.016
249 289 0.009000000000000001
250 217 0.02
250 219 0.008
250 221 0.02
250 232 0.013000000000000001
250 235 0.007
250 246 0.002
250 257 0.001
250 259 0.001
250 263 0.002
250 270 0.004
251 204 0.014
251 211 0.013000000000000001
251 218 0.012
251 220 0.011
251 225 0.006
251 227 0.006
251 240 0.004
251 247 0.001
251 264 0.003
252 217 0.015
252 232 0.012
252 235 0.014
252 237 0.002
252 242 0.001
252 246 0.019
252 248 0.003
252 253 0.001
252 258 0.003
252 263 0.018000000000000002
252 265 0.006
252 266 0.006
252 274 0.005
252 275 0.006
252 278 0.009000000000000001
253 237 0.002
253 242 0.001
253 248 0.002
253 252 0.001
253 258 0.004
253 266 0.006
253 274 0.005
253 275 0.005
253 278 0.008
254 244 0.006
254 260 0.008
254 268 0.002
254 273 0.003
254 279 0.005
254 280 0.013000000000000001
254 282 0.017
254 289 0.02
255 211 0.017
255 228 0.009000000000000001
255 231 0.009000000000000001
255 240 0.006
255 256 0.004
255 262 0.004
255 264 0.007
255 267 0.003
255 269 0.007
255 276 0.007
255 283 0.01
255 286 0.016
255 290 0.015
256 241 0.007
256 255 0.004
256 262 0.001
256 267 0.003
256 269 0.003
256 276 0.01
256 283 0.008
256 286 0.015
256 290 0.014
256 293 0.018000000000000002
256 318 0.016
257 219 0.012
257 246 0.003
257 250 0.001
257 259 0.001
257 263 0.002
257 307 0.017
258 237 0.005
258 242 0.004
258 248 0.002
258 252 0.003
258 253 0.004
258 265 0.001
258 266 0.002
258 274 0.001
258 275 0.002
258 278 0.004
259 219 0.013000000000000001
259 221 0.014
259 246 0.004
259 250 0.001
259 257 0.001
259 263 0.002
259 270 0.016
259 307 0.018000000000000002
260 229 0.007
260 244 0.007
260 249 0.007
260 254 0.008
260 268 0.008
260 273 0.01
260 279 0.008
260 280 0.005
260 282 0.011
260 289 0.008
261 245 0.002
261 249 0.008
261 277 0.002
262 255 0.004
262 256 0.001
262 267 0.003
262 269 0.002
262 276 0.008
262 281 0.016
262 283 0.007
262 286 0.014
262 288 0.018000000000000002
262 290 0.012
262 293 0.017
262 318 0.015
263 217 0.012
263 219 0.008
263 221 0.01
263 232 0.006
263 235 0.004
263 243 0.018000000000000002
263 246 0.002
263 250 0.002
263 252 0.018000000000000002
263 257 0.002
263 259 0.002
263 270 0.007
263 278 0.008
263 307 0.013000000000000001
264 204 0.018000000000000002
264 211 0.017
264 220 0.014
264 225 0.01
264 227 0.01
264 228 0.018000000000000002
264 240 0.005
264 247 0.003
264 251 0.003
264 255 0.007
264 267 0.009000000000000001
264 276 0.006
264 291 0.005
265 237 0.008
265 242 0.006
265 248 0.003
265 252 0.006
265 258 0.001
265 266 0.001
265 274 0.001
265 275 0.001
265 278 0.002
265 307 0.02
266 232 0.009000000000000001
266 235 0.009000000000000001
266 237 0.008
266 242 0.007
266 248 0.004
266 252 0.006
266 253 0.006
266 258 0.002
266 265 0.001
266 274 0.002
266 275 0.001
266 278 0.002
266 307 0.018000000000000002
267 255 0.003
267 256 0.003
267 262 0.003
267 264 0.009000000000000001
267 269 0.004
267 276 0.01
267 318 0.015
268 239 0.014
268 244 0.014
268 254 0.002
268 260 0.008
268 273 0.001
268 279 0.003
268 280 0.008
268 282 0.014
268 285 0.019
268 289 0.017
269 255 0.007
269 256 0.003
269 262 0.002
269 267 0.004
269 276 0.008
269 281 0.01
269 283 0.003
269 286 0.006
269 288 0.016
269 290 0.007
269 293 0.014
269 298 0.017
269 318 0.013000000000000001
270 236 0.017
270 243 0.012
270 250 0.004
270 259 0.016
270 263 0.007
270 271 0.002
270 272 0.004
270 293 0.006
270 307 0.013000000000000001
270 315 0.02
271 270 0.002
271 272 0.002
271 293 0.004
272 236 0.014
272 243 0.009000000000000001
272 270 0.004
272 271 0.002
272 281 0.008
272 284 0.003
272 286 0.019
272 287 0.004
272 292 0.004
272 293 0.004
272 301 0.014
273 254 0.003
273 260 0.01
273 268 0.001
273 279 0.003
273 280 0.014
273 282 0.017
273 289 0.013000000000000001
274 237 0.008
274 242 0.006
274 248 0.003
274 252 0.005
274 253 0.005
274 258 0.001
274 265 0.001
274 266 0.002
274 275 0.001
274 278 0.002
274 294 0.005
274 303 0.007
274 307 0.018000000000000002
274 313 0.014
274 314 0.013000000000000001
274 322 0.02
275 237 0.008
275 242 0.007
275 248 0.004
275 252 0.006
275 253 0.005
275 258 0.002
275 265 0.001
275 266 0.001
275 274 0.001
275 278 0.002
275 294 0.004
275 303 0.007
275 307 0.016
276 255 0.007
276 256 0.01
276 262 0.008
276 264 0.006
276 267 0.01
276 269 0.008
276 288 0.006
276 318 0.02
276 331 0.015
277 245 0.006
277 249 0.009000000000000001
277 261 0.002
277 289 0.019
277 291 0.011
277 295 0.005
277 297 0.007
277 305 0.01
277 309 0.011
277 312 0.019
277 317 0.015
278 217 0.017
278 232 0.01
278 235 0.01
278 237 0.01
278 242 0.01
278 248 0.007
278 252 0.009000000000000001
278 253 0.008
278 258 0.004
278 263 0.008
278 265 0.002
278 266 0.002
278 274 0.002
278 275 0.002
278 294 0.002
278 303 0.004
278 307 0.009000000000000001
278 329 0.019
279 254 0.005
279 260 0.008
279 268 0.003
279 273 0.003
279 280 0.003
279 282 0.005
279 285 0.008
279 289 0.009000000000000001
279 302 0.02
280 254 0.013000000000000001
280 260 0.005
280 268 0.008
280 273 0.014
280 279 0.003
280 282 0.002
280 285 0.003
280 289 0.006
280 302 0.007
281 262 0.016
281 269 0.01
281 272 0.008
281 283 0.007
281 286 0.003
281 290 0.006
281 292 0.005
281 293 0.005
281 299 0.008
281 301 0.005
281 318 0.009000000000000001
282 249 0.017
282 254 0.017
282 260 0.011
282 268 0.014
282 273 0.017
282 279 0.005
282 280 0.002
282 285 0.001
282 289 0.003
282 302 0.007
283 255 0.01
283 256 0.008
283 262 0.007
283 269 0.003
283 281 0.007
283 286 0.003
283 290 0.002
283 293 0.019
283 298 0.008
283 299 0.005
283 318 0.008
283 320 0.013000000000000001
283 331 0.011
284 272 0.003
284 287 0.001
284 292 0.002
284 293 0.002
284 301 0.006
284 318 0.018000000000000002
284 323 0.02
284 330 0.018000000000000002
285 249 0.016
285 268 0.019
285 279 0.008
285 280 0.003
285 282 0.001
285 289 0.002
285 302 0.005
286 255 0.016
286 256 0.015
286 262 0.014
286 269 0.006
286 272 0.019
286 281 0.003
286 283 0.003
286 290 0.002
286 293 0.009000000000000001
286 299 0.004
286 318 0.006
286 320 0.02
286 331 0.017
287 272 0.004
287 284 0.001
287 292 0.002
287 293 0.002
287 301 0.005
287 318 0.017
287 323 0.017
287 330 0.017
288 262 0.018000000000000002
288 269 0.016
288 276 0.006
288 291 0.01
288 298 0.011
288 300 0.006
288 306 0.005
288 308 0.014
288 316 0.006
288 319 0.009000000000000001
288 320 0.009000000000000001
288 321 0.02
288 328 0.018000000000000002
288 331 0.009000000000000001
289 244 0.015
289 249 0.009000000000000001
289 254 0.02
289 260 0.008
289 268 0.017
289 273 0.013000000000000001
289 277 0.019
289 279 0.009000000000000001
289 280 0.006
289 282 0.003
289 285 0.002
289 302 0.005
289 304 0.003
289 305 0.009000000000000001
289 310 0.005
289 311 0.004
289 317 0.016
289 325 0.006
289 326 0.007
289 327 0.013000000000000001
289 334 0.017
289 336 0.009000000000000001
289 337 0.013000000000000001
289 340 0.016
289 347 0.018000000000000002
289 349 0.015
289 350 0.016
290 255 0.015
290 256 0.014
290 262 0.012
290 269 0.007
290 281 0.006
290 283 0.002
290 286 0.002
290 293 0.014
290 299 0.003
290 318 0.006
290 320 0.014
290 331 0.012
291 264 0.005
291 277 0.011
291 288 0.01
291 295 0.01
291 296 0.002
291 297 0.01
291 300 0.009000000000000001
291 306 0.01
291 308 0.02
291 312 0.003
291 316 0.013000000000000001
291 320 0.019
291 321 0.006
291 328 0.005
292 272 0.004
292 281 0.005
292 284 0.002
292 287 0.002
292 293 0.001
292 301 0.007
292 307 0.012
292 315 0.02
292 323 0.011
292 330 0.012
293 256 0.018000000000000002
293 262 0.017
293 269 0.014
293 270 0.006
293 271 0.004
293 272 0.004
293 281 0.005
293 283 0.019
293 284 0.002
293 286 0.009000000000000001
293 287 0.002
293 290 0.014
293 292 0.001
293 299 0.012
293 301 0.004
293 307 0.009000000000000001
293 315 0.013000000000000001
293 318 0.019
293 323 0.008
293 330 0.011
294 274 0.005
294 275 0.004
294 278 0.002
294 303 0.001
294 307 0.004
294 313 0.008
294 314 0.006
294 315 0.011
294 322 0.01
294 324 0.01
294 332 0.016
294 335 0.018000000000000002
295 277 0.005
295 291 0.01
295 297 0.001
295 309 0.002
295 312 0.006
295 328 0.005
295 342 0.019
296 291 0.002
296 312 0.01
296 319 0.019
296 321 0.003
296 328 0.007
296 331 0.013000000000000001
297 277 0.007
297 291 0.01
297 295 0.001
297 309 0.002
297 312 0.006
297 328 0.004
297 342 0.017
298 269 0.017
298 283 0.008
298 288 0.011
298 299 0.005
298 300 0.009000000000000001
298 306 0.007
298 308 0.002
298 316 0.004
298 318 0.005
298 319 0.002
298 320 0.003
298 331 0.005
299 281 0.008
299 283 0.005
299 286 0.004
299 290 0.003
299 293 0.012
299 298 0.005
299 318 0.002
299 320 0.012
299 323 0.016
299 331 0.01
300 288 0.006
300 291 0.009000000000000001
300 298 0.009000000000000001
300 306 0.001
300 308 0.006
300 316 0.003
300 319 0.007
300 320 0.006
300 321 0.014
300 328 0.015
300 331 0.007
301 272 0.014
301 281 0.005
301 284 0.006
301 287 0.005
301 292 0.007
301 293 0.004
301 318 0.006
301 323 0.005
301 330 0.004
302 279 0.02
302 280 0.007
302 282 0.007
302 285 0.005
302 289 0.005
302 304 0.005
302 310 0.014
302 311 0.001
302 325 0.004
302 326 0.01
302 327 0.019
302 334 0.008
302 336 0.008
302 337 0.015
302 340 0.017
302 343 0.02
302 347 0.017
303 274 0.007
303 275 0.007
303 278 0.004
303 294 0.001
303 307 0.004
303 313 0.002
303 314 0.002
303 315 0.005
303 322 0.019
303 324 0.003
303 332 0.004
303 335 0.005
303 346 0.009000000000000001
304 289 0.003
304 302 0.005
304 310 0.005
304 325 0.007
304 327 0.014
304 355 0.015
304 356 0.016
305 277 0.01
305 289 0.009000000000000001
305 309 0.004
305 310 0.007
305 317 0.001
305 327 0.006
305 328 0.011
305 342 0.006
306 288 0.005
306 291 0.01
306 298 0.007
306 300 0.001
306 308 0.005
306 316 0.001
306 319 0.006
306 320 0.004
306 321 0.018000000000000002
306 328 0.017
306 331 0.006
306 345 0.018000000000000002
307 257 0.017
307 259 0.018000000000000002
307 263 0.013000000000000001
307 265 0.02
307 266 0.018000000000000002
307 270 0.013000000000000001
307 274 0.018000000000000002
307 275 0.016
307 278 0.009000000000000001
307 292 0.012
307 293 0.009000000000000001
307 294 0.004
307 303 0.004
307 313 0.001
307 314 0.003
307 315 0.001
307 322 0.006
307 323 0.006
307 324 0.003
307 329 0.011
307 330 0.02
307 332 0.003
307 333 0.012
307 335 0.003
307 338 0.018000000000000002
307 339 0.013000000000000001
307 341 0.007
307 344 0.005
307 346 0.004
307 353 0.009000000000000001
307 362 0.018000000000000002
307 364 0.015
307 367 0.018000000000000002
308 288 0.014
308 291 0.02
308 298 0.002
308 300 0.006
308 306 0.005
308 316 0.002
308 318 0.016
308 319 0.002
308 320 0.001
308 321 0.015
308 331 0.003
309 277 0.011
309 295 0.002
309 297 0.002
309 305 0.004
309 317 0.005
309 328 0.005
309 342 0.01
310 289 0.005
310 302 0.014
310 304 0.005
310 305 0.007
310 317 0.008
310 326 0.008
310 327 0.002
310 328 0.015
310 337 0.011
310 340 0.013000000000000001
310 342 0.015
310 343 0.011
310 347 0.014
310 355 0.016
310 356 0.017
310 360 0.019
311 289 0.004
311 302 0.001
311 325 0.005
311 334 0.012
312 277 0.019
312 291 0.003
312 295 0.006
312 296 0.01
312 297 0.006
312 328 0.002
313 274 0.014
313 294 0.008
313 303 0.002
313 307 0.001
313 314 0.001
313 315 0.001
313 324 0.001
313 332 0.002
313 333 0.018000000000000002
313 335 0.003
313 344 0.015
313 346 0.006
314 274 0.013000000000000001
314 294 0.006
314 303 0.002
314 307 0.003
314 313 0.001
314 315 0.003
314 324 0.001
314 332 0.003
314 333 0.012
314 335 0.004
314 341 0.011
314 346 0.007
315 270 0.02
315 292 0.02
315 293 0.013000000000000001
315 294 0.011
315 303 0.005
315 307 0.001
315 313 0.001
315 314 0.003
315 322 0.006
315 323 0.01
315 324 0.002
315 329 0.011
315 332 0.002
315 333 0.012
315 335 0.003
315 341 0.007
315 344 0.006
315 346 0.004
315 353 0.009000000000000001
315 364 0.015
316 288 0.006
316 291 0.013000000000000001
316 298 0.004
316 300 0.003
316 306 0.001
316 308 0.002
316 319 0.004
316 320 0.002
316 331 0.004
316 345 0.012
317 277 0.015
317 289 0.016
317 305 0.001
317 309 0.005
317 310 0.008
317 328 0.007
317 342 0.007
318 256 0.016
318 262 0.015
318 267 0.015
318 269 0.013000000000000001
318 276 0.02
318 281 0.009000000000000001
318 283 0.008
318 284 0.018000000000000002
318 286 0.006
318 287 0.017
318 290 0.006
318 293 0.019
318 298 0.005
318 299 0.002
318 301 0.006
318 308 0.016
318 319 0.01
318 320 0.012
318 323 0.01
318 330 0.005
318 331 0.007
319 288 0.009000000000000001
319 296 0.019
319 298 0.002
319 300 0.007
319 306 0.006
319 308 0.002
319 316 0.004
319 318 0.01
319 320 0.002
319 321 0.014
319 331 0.001
319 345 0.016
320 283 0.013000000000000001
320 286 0.02
320 288 0.009000000000000001
320 290 0.014
320 291 0.019
320 298 0.003
320 299 0.012
320 300 0.006
320 306 0.004
320 308 0.001
320 316 0.002
320 318 0.012
320 319 0.002
320 331 0.002
320 345 0.011
321 288 0.02
321 291 0.006
321 296 0.003
321 300 0.014
321 306 0.018000000000000002
321 308 0.015
321 319 0.014
321 328 0.006
321 331 0.011
321 345 0.005
321 352 0.02
322 274 0.02
322 294 0.01
322 303 0.019
322 307 0.006
322 315 0.006
322 329 0.004
322 332 0.005
322 333 0.004
322 335 0.007
322 341 0.003
322 346 0.02
322 353 0.008
322 362 0.019
323 284 0.02
323 287 0.017
323 292 0.011
323 293 0.008
323 299 0.016
323 301 0.005
323 307 0.006
323 315 0.01
323 318 0.01
323 330 0.002
323 331 0.019
323 338 0.003
323 339 0.002
323 344 0.005
324 294 0.01
324 303 0.003
324 307 0.003
324 313 0.001
324 314 0.001
324 315 0.002
324 332 0.001
324 333 0.012
324 335 0.003
324 341 0.009000000000000001
324 344 0.017
324 346 0.01
324 353 0.02
325 289 0.006
325 302 0.004
325 304 0.007
325 311 0.005
325 334 0.008
325 350 0.017
325 355 0.016
325 356 0.015
326 289 0.007
326 302 0.01
326 310 0.008
326 327 0.009000000000000001
326 336 0.009000000000000001
326 337 0.004
326 340 0.005
326 342 0.017
326 343 0.004
326 347 0.005
326 355 0.007
326 356 0.008
327 289 0.013000000000000001
327 302 0.019
327 304 0.014
327 305 0.006
327 310 0.002
327 326 0.009000000000000001
327 328 0.016
327 342 0.005
327 347 0.01
327 355 0.01
327 356 0.01
328 288 0.018000000000000002
328 291 0.005
328 295 0.005
328 296 0.007
328 297 0.004
328 300 0.015
328 305 0.011
328 306 0.017
328 309 0.005
328 310 0.015
328 312 0.002
328 317 0.007
328 321 0.006
328 327 0.016
328 342 0.006
328 345 0.005
328 348 0.01
328 363 0.018000000000000002
329 278 0.019
329 307 0.011
329 315 0.011
329 322 0.004
329 333 0.001
329 335 0.014
329 341 0.007
329 362 0.011
330 284 0.018000000000000002
330 287 0.017
330 292 0.012
330 293 0.011
330 301 0.004
330 307 0.02
330 318 0.005
330 323 0.002
330 331 0.02
330 338 0.002
330 339 0.002
331 276 0.015
331 283 0.011
331 286 0.017
331 288 0.009000000000000001
331 290 0.012
331 296 0.013000000000000001
331 298 0.005
331 299 0.01
331 300 0.007
331 306 0.006
331 308 0.003
331 316 0.004
331 318 0.007
331 319 0.001
331 320 0.002
331 321 0.011
331 323 0.019
331 330 0.02
331 345 0.009000000000000001
331 352 0.009000000000000001
331 354 0.01
331 358 0.008
332 294 0.016
332 303 0.004
332 307 0.003
332 313 0.002
332 314 0.003
332 315 0.002
332 322 0.005
332 324 0.001
332 333 0.014
332 335 0.002
332 341 0.008
332 344 0.014
332 346 0.006
332 353 0.014
333 307 0.012
333 313 0.018000000000000002
333 314 0.012
333 315 0.012
333 322 0.004
333 324 0.012
333 329 0.001
333 332 0.014
333 335 0.014
333 341 0.007
333 353 0.013000000000000001
333 362 0.009000000000000001
334 289 0.017
334 302 0.008
334 311 0.012
334 325 0.008
334 336 0.01
334 347 0.02
334 349 0.007
334 350 0.008
334 351 0.003
334 361 0.006
334 368 0.02
334 370 0.008
334 373 0.017
334 381 0.015
334 384 0.015
335 294 0.018000000000000002
335 303 0.005
335 307 0.003
335 313 0.003
335 314 0.004
335 315 0.003
335 322 0.007
335 324 0.003
335 329 0.014
335 332 0.002
335 333 0.014
335 341 0.005
335 344 0.011
335 346 0.005
335 353 0.01
336 289 0.009000000000000001
336 302 0.008
336 326 0.009000000000000001
336 334 0.01
336 343 0.009000000000000001
336 349 0.005
336 350 0.005
336 355 0.009000000000000001
336 356 0.009000000000000001
337 289 0.013000000000000001
337 302 0.015
337 310 0.011
337 326 0.004
337 340 0.001
337 342 0.012
337 343 0.002
337 347 0.002
337 350 0.015
337 355 0.004
337 356 0.005
337 360 0.009000000000000001
338 307 0.018000000000000002
338 323 0.003
338 330 0.002
338 339 0.001
338 390 0.018000000000000002
339 307 0.013000000000000001
339 323 0.002
339 330 0.002
339 338 0.001
339 344 0.008
339 367 0.017
339 390 0.017
340 289 0.016
340 302 0.017
340 310 0.013000000000000001
340 326 0.005
340 337 0.001
340 342 0.012
340 343 0.001
340 347 0.002
340 355 0.002
340 356 0.003
341 307 0.007
341 314 0.011
341 315 0.007
341 322 0.003
341 324 0.009000000000000001
341 329 0.007
341 332 0.008
341 333 0.007
341 335 0.005
341 346 0.011
341 353 0.005
342 295 0.019
342 297 0.017
342 305 0.006
342 309 0.01
342 310 0.015
342 317 0.007
342 326 0.017
342 327 0.005
342 328 0.006
342 337 0.012
342 340 0.012
342 343 0.009000000000000001
342 347 0.012
342 355 0.008
342 356 0.008
342 360 0.007
342 363 0.012
343 302 0.02
343 310 0.011
343 326 0.004
343 336 0.009000000000000001
343 337 0.002
343 340 0.001
343 342 0.009000000000000001
343 347 0.003
343 349 0.013000000000000001
343 350 0.011
343 355 0.002
343 356 0.002
343 360 0.005
344 307 0.005
344 313 0.015
344 315 0.006
344 323 0.005
344 324 0.017
344 332 0.014
344 335 0.011
344 339 0.008
344 346 0.002
344 353 0.013000000000000001
344 367 0.004
345 306 0.018000000000000002
345 316 0.012
345 319 0.016
345 320 0.011
345 321 0.005
345 328 0.005
345 331 0.009000000000000001
345 348 0.001
345 352 0.004
345 354 0.005
345 357 0.003
345 369 0.008
345 371 0.005
345 372 0.019
345 375 0.012
346 303 0.009000000000000001
346 307 0.004
346 313 0.006
346 314 0.007
346 315 0.004
346 322 0.02
346 324 0.01
346 332 0.006
346 335 0.005
346 341 0.011
346 344 0.002
346 353 0.007
346 367 0.007
347 289 0.018000000000000002
347 302 0.017
347 310 0.014
347 326 0.005
347 327 0.01
347 334 0.02
347 337 0.002
347 340 0.002
347 342 0.012
347 343 0.003
347 349 0.012
347 355 0.002
347 356 0.004
347 360 0.009000000000000001
348 328 0.01
348 345 0.001
348 352 0.003
348 354 0.004
348 357 0.003
348 369 0.008
348 371 0.005
349 289 0.015
349 334 0.007
349 336 0.005
349 343 0.013000000000000001
349 347 0.012
349 350 0.001
349 351 0.011
349 355 0.015
349 356 0.013000000000000001
349 368 0.017
349 370 0.015
349 384 0.014
350 289 0.016
350 325 0.017
350 334 0.008
350 336 0.005
350 337 0.015
350 343 0.011
350 349 0.001
350 351 0.013000000000000001
350 355 0.012
350 356 0.011
350 368 0.01
350 370 0.016
350 384 0.015
351 334 0.003
351 349 0.011
351 350 0.013000000000000001
351 361 0.004
351 381 0.015
351 384 0.008
352 321 0.02
352 331 0.009000000000000001
352 345 0.004
352 348 0.003
352 354 0.001
352 357 0.011
352 371 0.013000000000000001
352 372 0.005
353 307 0.009000000000000001
353 315 0.009000000000000001
353 322 0.008
353 324 0.02
353 332 0.014
353 333 0.013000000000000001
353 335 0.01
353 341 0.005
353 344 0.013000000000000001
353 346 0.007
353 364 0.003
353 387 0.017
354 331 0.01
354 345 0.005
354 348 0.004
354 352 0.001
354 372 0.004
355 304 0.015
355 310 0.016
355 325 0.016
355 326 0.007
355 327 0.01
355 336 0.009000000000000001
355 337 0.004
355 340 0.002
355 342 0.008
355 343 0.002
355 347 0.002
355 349 0.015
355 350 0.012
355 356 0.002
355 360 0.003
355 368 0.006
356 304 0.016
356 310 0.017
356 325 0.015
356 326 0.008
356 327 0.01
356 336 0.009000000000000001
356 337 0.005
356 340 0.003
356 342 0.008
356 343 0.002
356 347 0.004
356 349 0.013000000000000001
356 350 0.011
356 355 0.002
356 360 0.004
356 363 0.017
356 368 0.008
357 345 0.003
357 348 0.003
357 352 0.011
357 369 0.003
357 371 0.002
357 375 0.007
358 331 0.008
358 359 0.018000000000000002
358 367 0.01
358 372 0.004
358 376 0.012
358 390 0.01
359 358 0.018000000000000002
359 365 0.003
359 367 0.005
359 374 0.005
359 376 0.003
359 382 0.004
359 390 0.006
360 310 0.019
360 337 0.009000000000000001
360 342 0.007
360 343 0.005
360 347 0.009000000000000001
360 355 0.003
360 356 0.004
360 363 0.009000000000000001
360 368 0.009000000000000001
360 373 0.02
360 377 0.005
360 383 0.017
361 334 0.006
361 351 0.004
361 368 0.018000000000000002
361 370 0.004
361 381 0.01
361 384 0.006
361 391 0.011
362 307 0.018000000000000002
362 322 0.019
362 329 0.011
362 333 0.009000000000000001
362 364 0.012
362 379 0.013000000000000001
362 387 0.007
362 388 0.011
363 328 0.018000000000000002
363 342 0.012
363 356 0.017
363 360 0.009000000000000001
363 366 0.001
363 369 0.009000000000000001
363 371 0.012
363 375 0.006
363 377 0.009000000000000001
363 383 0.01
363 385 0.013000000000000001
363 386 0.013000000000000001
364 307 0.015
364 315 0.015
364 353 0.003
364 362 0.012
364 378 0.006
364 379 0.004
364 387 0.008
365 359 0.003
365 367 0.002
365 374 0.002
365 376 0.002
365 382 0.002
365 390 0.005
366 363 0.001
366 371 0.011
366 375 0.006
366 377 0.012
366 385 0.012
367 307 0.018000000000000002
367 339 0.017
367 344 0.004
367 346 0.007
367 358 0.01
367 359 0.005
367 365 0.002
367 374 0.001
367 376 0.004
367 382 0.004
367 390 0.007
367 392 0.006
368 334 0.02
368 349 0.017
368 350 0.01
368 355 0.006
368 356 0.008
368 360 0.009000000000000001
368 361 0.018000000000000002
368 370 0.017
368 373 0.002
368 381 0.02
368 384 0.014
368 391 0.013000000000000001
369 345 0.008
369 348 0.008
369 357 0.003
369 363 0.009000000000000001
369 371 0.001
369 375 0.002
370 334 0.008
370 349 0.015
370 350 0.016
370 361 0.004
370 368 0.017
370 373 0.011
370 381 0.002
370 384 0.003
370 391 0.009000000000000001
371 345 0.005
371 348 0.005
371 352 0.013000000000000001
371 357 0.002
371 363 0.012
371 366 0.011
371 369 0.001
371 375 0.002
371 385 0.011
371 386 0.012
371 405 0.016
372 345 0.019
372 352 0.005
372 354 0.004
372 358 0.004
372 390 0.02
372 403 0.012
372 405 0.014
372 408 0.013000000000000001
373 334 0.017
373 360 0.02
373 368 0.002
373 370 0.011
373 380 0.011
373 384 0.01
373 391 0.005
374 359 0.005
374 365 0.002
374 367 0.001
374 376 0.002
374 382 0.002
374 390 0.005
374 392 0.005
375 345 0.012
375 357 0.007
375 363 0.006
375 366 0.006
375 369 0.002
375 371 0.002
375 385 0.005
375 386 0.009000000000000001
375 405 0.015
376 358 0.012
376 359 0.003
376 365 0.002
376 367 0.004
376 374 0.002
376 382 0.001
376 390 0.002
377 360 0.005
377 363 0.009000000000000001
377 366 0.012
377 383 0.001
377 385 0.012
377 393 0.019
377 395 0.019
377 397 0.01
378 364 0.006
378 379 0.001
378 387 0.004
378 388 0.004
378 394 0.009000000000000001
379 362 0.013000000000000001
379 364 0.004
379 378 0.001
379 387 0.006
379 388 0.006
379 394 0.011
379 396 0.009000000000000001
379 398 0.014
379 399 0.016
380 373 0.011
380 384 0.016
380 389 0.007
380 391 0.007
380 393 0.004
380 397 0.01
381 334 0.015
381 351 0.015
381 361 0.01
381 368 0.02
381 370 0.002
381 384 0.001
381 391 0.007
382 359 0.004
382 365 0.002
382 367 0.004
382 374 0.002
382 376 0.001
382 390 0.002
382 392 0.006
383 360 0.017
383 363 0.01
383 377 0.001
383 385 0.011
383 393 0.017
383 397 0.007
384 334 0.015
384 349 0.014
384 350 0.015
384 351 0.008
384 361 0.006
384 368 0.014
384 370 0.003
384 373 0.01
384 380 0.016
384 381 0.001
384 389 0.02
384 391 0.005
384 393 0.019
384 409 0.011
385 363 0.013000000000000001
385 366 0.012
385 371 0.011
385 375 0.005
385 377 0.012
385 383 0.011
385 386 0.001
385 395 0.003
385 405 0.013000000000000001
385 406 0.018000000000000002
385 416 0.013000000000000001
386 363 0.013000000000000001
386 371 0.012
386 375 0.009000000000000001
386 385 0.001
386 395 0.002
386 401 0.017
386 405 0.015
386 406 0.017
386 416 0.013000000000000001
387 353 0.017
387 362 0.007
387 364 0.008
387 378 0.004
387 379 0.006
387 388 0.001
387 394 0.001
387 396 0.002
387 398 0.005
387 399 0.003
387 404 0.004
387 410 0.019
387 412 0.006
387 414 0.007
387 420 0.016
387 424 0.012
387 426 0.014
387 427 0.014
388 362 0.011
388 378 0.004
388 379 0.006
388 387 0.001
388 394 0.001
388 396 0.001
388 398 0.006
388 399 0.003
388 404 0.003
388 412 0.006
388 414 0.006
388 424 0.014
388 426 0.014
388 427 0.014
389 380 0.007
389 384 0.02
389 391 0.012
389 393 0.001
389 397 0.003
389 400 0.004
389 402 0.006
390 338 0.018000000000000002
390 339 0.017
390 358 0.01
390 359 0.006
390 365 0.005
390 367 0.007
390 372 0.02
390 374 0.005
390 376 0.002
390 382 0.002
390 392 0.006
390 408 0.006
390 410 0.012
390 419 0.015
391 361 0.011
391 368 0.013000000000000001
391 370 0.009000000000000001
391 373 0.005
391 380 0.007
391 381 0.007
391 384 0.005
391 389 0.012
391 393 0.011
391 397 0.017
391 409 0.006
392 367 0.006
392 374 0.005
392 382 0.006
392 390 0.006
392 410 0.013000000000000001
393 377 0.019
393 380 0.004
393 383 0.017
393 384 0.019
393 389 0.001
393 391 0.011
393 397 0.003
393 400 0.002
393 402 0.003
394 378 0.009000000000000001
394 379 0.011
394 387 0.001
394 388 0.001
394 396 0.001
394 398 0.005
394 399 0.002
394 404 0.002
394 412 0.01
394 424 0.016
394 426 0.015
395 377 0.019
395 385 0.003
395 386 0.002
395 401 0.007
395 406 0.01
395 416 0.008
395 428 0.016
396 379 0.009000000000000001
396 387 0.002
396 388 0.001
396 394 0.001
396 399 0.002
396 404 0.003
396 412 0.006
396 424 0.015
396 426 0.014
397 377 0.01
397 380 0.01
397 383 0.007
397 389 0.003
397 391 0.017
397 393 0.003
397 400 0.002
397 402 0.003
397 411 0.005
397 415 0.012
397 417 0.005
397 418 0.017
398 379 0.014
398 387 0.005
398 388 0.006
398 394 0.005
398 399 0.008
398 404 0.009000000000000001
398 410 0.011
398 412 0.009000000000000001
398 414 0.01
398 420 0.007
398 424 0.013000000000000001
398 426 0.018000000000000002
399 379 0.016
399 387 0.003
399 388 0.003
399 394 0.002
399 396 0.002
399 398 0.008
399 404 0.001
399 412 0.004
399 414 0.008
399 424 0.01
399 426 0.011
400 389 0.004
400 393 0.002
400 397 0.002
400 402 0.001
400 411 0.008
400 415 0.019
400 418 0.02
401 386 0.017
401 395 0.007
401 406 0.004
401 413 0.006
401 416 0.005
401 428 0.009000000000000001
402 389 0.006
402 393 0.003
402 397 0.003
402 400 0.001
402 411 0.005
402 415 0.013000000000000001
402 418 0.015
403 372 0.012
403 405 0.002
403 407 0.001
403 408 0.003
403 422 0.002
404 387 0.004
404 388 0.003
404 394 0.002
404 396 0.003
404 398 0.009000000000000001
404 399 0.001
404 412 0.002
404 414 0.005
404 424 0.008
404 426 0.009000000000000001
405 371 0.016
405 372 0.014
405 375 0.015
405 385 0.013000000000000001
405 386 0.015
405 403 0.002
405 406 0.004
405 407 0.001
405 408 0.006
405 413 0.011
405 416 0.004
405 422 0.004
405 428 0.018000000000000002
405 441 0.02
406 385 0.018000000000000002
406 386 0.017
406 395 0.01
406 401 0.004
406 405 0.004
406 413 0.002
406 416 0.001
406 417 0.019
406 421 0.007
406 425 0.013000000000000001
406 428 0.006
406 433 0.015
407 403 0.001
407 405 0.001
407 408 0.005
407 416 0.011
407 422 0.004
408 372 0.013000000000000001
408 390 0.006
408 403 0.003
408 405 0.006
408 407 0.005
408 422 0.002
408 434 0.007
408 437 0.017
409 384 0.011
409 391 0.006
409 423 0.001
410 387 0.019
410 390 0.012
410 392 0.013000000000000001
410 398 0.011
410 414 0.016
410 419 0.002
410 420 0.002
410 424 0.009000000000000001
410 429 0.007
410 432 0.014
411 397 0.005
411 400 0.008
411 402 0.005
411 415 0.003
411 418 0.004
412 387 0.006
412 388 0.006
412 394 0.01
412 396 0.006
412 398 0.009000000000000001
412 399 0.004
412 404 0.002
412 414 0.002
412 420 0.015
412 424 0.004
412 426 0.004
412 427 0.004
413 401 0.006
413 405 0.011
413 406 0.002
413 416 0.001
413 428 0.004
414 387 0.007
414 388 0.006
414 398 0.01
414 399 0.008
414 404 0.005
414 410 0.016
414 412 0.002
414 424 0.003
414 426 0.004
414 427 0.005
415 397 0.012
415 400 0.019
415 402 0.013000000000000001
415 411 0.003
415 418 0.001
415 423 0.008
415 430 0.007
415 431 0.009000000000000001
415 435 0.014
416 385 0.013000000000000001
416 386 0.013000000000000001
416 395 0.008
416 401 0.005
416 405 0.004
416 406 0.001
416 407 0.011
416 413 0.001
416 417 0.015
416 421 0.006
416 425 0.012
416 428 0.004
416 433 0.017
416 443 0.014
417 397 0.005
417 406 0.019
417 416 0.015
417 421 0.004
417 425 0.002
417 428 0.013000000000000001
417 433 0.005
417 436 0.007
418 397 0.017
418 400 0.02
418 402 0.015
418 411 0.004
418 415 0.001
418 423 0.007
418 430 0.004
419 390 0.015
419 410 0.002
419 420 0.002
419 424 0.02
419 429 0.011
419 432 0.01
420 387 0.016
420 398 0.007
420 410 0.002
420 412 0.015
420 419 0.002
420 424 0.006
420 426 0.019
420 429 0.005
420 432 0.016
421 406 0.007
421 416 0.006
421 417 0.004
421 425 0.005
421 428 0.003
422 403 0.002
422 405 0.004
422 407 0.004
422 408 0.002
422 434 0.006
423 409 0.001
423 415 0.008
423 418 0.007
423 430 0.015
423 431 0.018000000000000002
424 387 0.012
424 388 0.014
424 394 0.016
424 396 0.015
424 398 0.013000000000000001
424 399 0.01
424 404 0.008
424 410 0.009000000000000001
424 412 0.004
424 414 0.003
424 419 0.02
424 420 0.006
424 426 0.003
424 427 0.003
425 406 0.013000000000000001
425 416 0.012
425 417 0.002
425 421 0.005
425 428 0.011
425 433 0.002
425 436 0.007
426 387 0.014
426 388 0.014
426 394 0.015
426 396 0.014
426 398 0.018000000000000002
426 399 0.011
426 404 0.009000000000000001
426 412 0.004
426 414 0.004
426 420 0.019
426 424 0.003
426 427 0.001
426 440 0.009000000000000001
426 442 0.013000000000000001
426 473 0.017
427 387 0.014
427 388 0.014
427 412 0.004
427 414 0.005
427 424 0.003
427 426 0.001
427 442 0.02
427 473 0.018000000000000002
428 395 0.016
428 401 0.009000000000000001
428 405 0.018000000000000002
428 406 0.006
428 413 0.004
428 416 0.004
428 417 0.013000000000000001
428 421 0.003
428 425 0.011
428 433 0.013000000000000001
428 443 0.004
428 454 0.011
428 460 0.02
429 410 0.007
429 419 0.011
429 420 0.005
429 432 0.001
429 448 0.008
429 453 0.01
430 415 0.007
430 418 0.004
430 423 0.015
430 431 0.001
430 433 0.012
430 435 0.001
430 436 0.012
430 439 0.01
430 451 0.02
430 452 0.02
430 461 0.015
431 415 0.009000000000000001
431 423 0.018000000000000002
431 430 0.001
431 433 0.012
431 435 0.001
431 436 0.013000000000000001
431 439 0.007
431 447 0.018000000000000002
431 451 0.014
431 452 0.014
431 461 0.013000000000000001
432 410 0.014
432 419 0.01
432 420 0.016
432 429 0.001
432 437 0.01
432 445 0.003
432 448 0.005
432 449 0.008
432 453 0.006
432 466 0.018000000000000002
433 406 0.015
433 416 0.017
433 417 0.005
433 425 0.002
433 428 0.013000000000000001
433 430 0.012
433 431 0.012
433 435 0.019
433 436 0.002
434 408 0.007
434 422 0.006
434 437 0.003
434 457 0.009000000000000001
435 415 0.014
435 430 0.001
435 431 0.001
435 433 0.019
435 436 0.011
435 438 0.019
435 439 0.002
435 447 0.006
435 452 0.016
435 455 0.014
435 461 0.011
435 464 0.018000000000000002
435 467 0.02
436 417 0.007
436 425 0.007
436 430 0.012
436 431 0.013000000000000001
436 433 0.002
436 435 0.011
436 447 0.005
437 408 0.017
437 432 0.01
437 434 0.003
437 445 0.013000000000000001
437 446 0.001
437 449 0.004
437 453 0.006
437 457 0.003
437 471 0.018000000000000002
438 435 0.019
438 444 0.001
438 450 0.002
438 451 0.015
438 452 0.013000000000000001
438 458 0.002
438 467 0.014
439 430 0.01
439 431 0.007
439 435 0.002
439 447 0.005
439 451 0.003
439 452 0.004
439 455 0.007
439 461 0.006
439 464 0.01
439 465 0.015
440 426 0.009000000000000001
440 442 0.001
440 448 0.008
440 472 0.01
440 473 0.008
441 405 0.02
441 443 0.004
441 454 0.02
441 456 0.003
441 459 0.014
441 462 0.008
441 463 0.013000000000000001
441 468 0.009000000000000001
441 469 0.014
441 470 0.018000000000000002
441 478 0.016
442 426 0.013000000000000001
442 427 0.02
442 440 0.001
442 472 0.008
442 473 0.008
443 416 0.014
443 428 0.004
443 441 0.004
443 454 0.011
443 456 0.001
443 459 0.016
443 460 0.016
443 462 0.003
443 463 0.017
443 469 0.014
443 470 0.018000000000000002
443 477 0.019
444 438 0.001
444 450 0.001
444 458 0.002
445 432 0.003
445 437 0.013000000000000001
445 448 0.002
445 453 0.004
446 437 0.001
446 453 0.008
446 457 0.002
446 459 0.017
446 468 0.017
447 431 0.018000000000000002
447 435 0.006
447 436 0.005
447 439 0.005
447 451 0.01
447 452 0.01
447 455 0.003
447 461 0.004
447 464 0.004
447 465 0.009000000000000001
447 467 0.02
448 429 0.008
448 432 0.005
448 440 0.008
448 445 0.002
448 449 0.012
448 453 0.006
448 466 0.006
449 432 0.008
449 437 0.004
449 448 0.012
449 453 0.002
449 457 0.006
450 438 0.002
450 444 0.001
450 458 0.001
451 430 0.02
451 431 0.014
451 438 0.015
451 439 0.003
451 447 0.01
451 452 0.001
451 455 0.008
451 461 0.004
451 464 0.011
451 465 0.012
451 467 0.006
452 430 0.02
452 431 0.014
452 435 0.016
452 438 0.013000000000000001
452 439 0.004
452 447 0.01
452 451 0.001
452 455 0.009000000000000001
452 461 0.004
452 464 0.007
452 465 0.01
452 467 0.004
453 429 0.01
453 432 0.006
453 437 0.006
453 445 0.004
453 446 0.008
453 448 0.006
453 449 0.002
453 457 0.011
453 471 0.008
454 428 0.011
454 441 0.02
454 443 0.011
454 460 0.001
454 462 0.007
454 474 0.019
455 435 0.014
455 439 0.007
455 447 0.003
455 451 0.008
455 452 0.009000000000000001
455 461 0.003
455 464 0.002
455 465 0.003
455 467 0.009000000000000001
456 441 0.003
456 443 0.001
456 462 0.003
456 468 0.013000000000000001
456 478 0.013000000000000001
457 434 0.009000000000000001
457 437 0.003
457 446 0.002
457 449 0.006
457 453 0.011
457 459 0.004
457 468 0.008
457 471 0.004
458 438 0.002
458 444 0.002
458 450 0.001
459 441 0.014
459 443 0.016
459 446 0.017
459 457 0.004
459 463 0.002
459 468 0.002
459 469 0.005
459 470 0.004
459 471 0.018000000000000002
459 476 0.019
459 477 0.009000000000000001
459 478 0.015
459 479 0.008
460 428 0.02
460 443 0.016
460 454 0.001
460 462 0.01
460 474 0.011
461 430 0.015
461 431 0.013000000000000001
461 435 0.011
461 439 0.006
461 447 0.004
461 451 0.004
461 452 0.004
461 455 0.003
461 464 0.002
461 465 0.004
461 467 0.013000000000000001
462 441 0.008
462 443 0.003
462 454 0.007
462 456 0.003
462 460 0.01
462 468 0.018000000000000002
462 478 0.012
463 441 0.013000000000000001
463 443 0.017
463 459 0.002
463 468 0.001
463 469 0.003
463 470 0.002
463 477 0.007
463 478 0.008
463 479 0.006
464 435 0.018000000000000002
464 439 0.01
464 447 0.004
464 451 0.011
464 452 0.007
464 455 0.002
464 461 0.002
464 465 0.002
464 474 0.016
465 439 0.015
465 447 0.009000000000000001
465 451 0.012
465 452 0.01
465 455 0.003
465 461 0.004
465 464 0.002
465 467 0.011
465 474 0.005
465 482 0.014
465 484 0.01
466 432 0.018000000000000002
466 448 0.006
466 475 0.003
466 488 0.01
466 492 0.007
467 435 0.02
467 438 0.014
467 447 0.02
467 451 0.006
467 452 0.004
467 455 0.009000000000000001
467 461 0.013000000000000001
467 465 0.011
467 481 0.008
467 482 0.014
467 484 0.01
467 485 0.02
467 493 0.009000000000000001
467 496 0.016
468 441 0.009000000000000001
468 446 0.017
468 456 0.013000000000000001
468 457 0.008
468 459 0.002
468 462 0.018000000000000002
468 463 0.001
468 469 0.003
468 470 0.002
468 471 0.014
468 476 0.01
468 477 0.004
468 478 0.007
468 479 0.004
469 441 0.014
469 443 0.014
469 459 0.005
469 463 0.003
469 468 0.003
469 470 0.001
469 477 0.002
469 478 0.004
469 479 0.005
470 441 0.018000000000000002
470 443 0.018000000000000002
470 459 0.004
470 463 0.002
470 468 0.002
470 469 0.001
470 477 0.003
470 478 0.005
470 479 0.005
471 437 0.018000000000000002
471 453 0.008
471 457 0.004
471 459 0.018000000000000002
471 468 0.014
471 476 0.002
471 495 0.01
472 440 0.01
472 442 0.008
472 473 0.001
472 480 0.002
472 490 0.013000000000000001
473 426 0.017
473 427 0.018000000000000002
473 440 0.008
473 442 0.008
473 472 0.001
473 480 0.002
473 488 0.011
473 490 0.006
473 498 0.011
473 505 0.017
474 454 0.019
474 460 0.011
474 464 0.016
474 465 0.005
474 482 0.008
474 484 0.007
474 485 0.009000000000000001
474 494 0.004
475 466 0.003
475 490 0.009000000000000001
475 492 0.003
476 459 0.019
476 468 0.01
476 471 0.002
476 479 0.009000000000000001
476 483 0.007
476 486 0.007
476 487 0.004
476 495 0.007
476 497 0.011
477 443 0.019
477 459 0.009000000000000001
477 463 0.007
477 468 0.004
477 469 0.002
477 470 0.003
477 478 0.001
477 479 0.008
477 500 0.006
478 441 0.016
478 456 0.013000000000000001
478 459 0.015
478 462 0.012
478 463 0.008
478 468 0.007
478 469 0.004
478 470 0.005
478 477 0.001
478 479 0.006
478 500 0.004
478 501 0.007
478 510 0.01
478 520 0.018000000000000002
479 459 0.008
479 463 0.006
479 468 0.004
479 469 0.005
479 470 0.005
479 476 0.009000000000000001
479 477 0.008
479 478 0.006
479 495 0.005
480 472 0.002
480 473 0.002
480 515 0.019
481 467 0.008
481 493 0.004
481 511 0.013000000000000001
482 465 0.014
482 467 0.014
482 474 0.008
482 484 0.001
482 485 0.001
482 499 0.016
483 476 0.007
483 486 0.001
483 487 0.004
483 492 0.003
483 495 0.015
483 497 0.004
483 504 0.016
483 508 0.01
484 465 0.01
484 467 0.01
484 474 0.007
484 482 0.001
484 485 0.001
484 494 0.02
484 496 0.008
484 499 0.011
484 502 0.007
485 467 0.02
485 474 0.009000000000000001
485 482 0.001
485 484 0.001
485 494 0.013000000000000001
485 496 0.017
485 499 0.016
485 502 0.013000000000000001
486 476 0.007
486 483 0.001
486 487 0.004
486 492 0.005
486 495 0.012
486 497 0.004
486 508 0.008
486 521 0.019
487 476 0.004
487 483 0.004
487 486 0.004
487 495 0.004
487 497 0.004
487 508 0.01
487 521 0.013000000000000001
487 529 0.013000000000000001
488 466 0.01
488 473 0.011
488 490 0.002
488 492 0.007
488 509 0.007
489 491 0.001
489 494 0.002
489 501 0.005
489 502 0.019
489 516 0.018000000000000002
490 472 0.013000000000000001
490 473 0.006
490 475 0.009000000000000001
490 488 0.002
490 492 0.012
490 509 0.005
490 523 0.019
491 489 0.001
491 494 0.001
491 501 0.017
492 466 0.007
492 475 0.003
492 483 0.003
492 486 0.005
492 488 0.007
492 490 0.012
492 508 0.011
492 509 0.011
493 467 0.009000000000000001
493 481 0.004
493 496 0.011
493 499 0.005
493 511 0.016
494 474 0.004
494 484 0.02
494 485 0.013000000000000001
494 489 0.002
494 491 0.001
494 516 0.011
495 471 0.01
495 476 0.007
495 479 0.005
495 483 0.015
495 486 0.012
495 487 0.004
495 497 0.007
495 504 0.013000000000000001
495 506 0.015
495 508 0.01
495 521 0.01
495 529 0.014
496 467 0.016
496 484 0.008
496 485 0.017
496 493 0.011
496 499 0.001
496 513 0.012
496 522 0.015
497 476 0.011
497 483 0.004
497 486 0.004
497 487 0.004
497 495 0.007
497 508 0.004
497 521 0.007
497 529 0.008
498 473 0.011
498 505 0.001
498 509 0.013000000000000001
498 515 0.002
498 517 0.016
498 518 0.01
498 523 0.008
498 540 0.017
498 544 0.02
499 482 0.016
499 484 0.011
499 485 0.016
499 493 0.005
499 496 0.001
499 511 0.019
499 513 0.008
499 522 0.01
499 530 0.015
500 477 0.006
500 478 0.004
500 501 0.004
500 503 0.013000000000000001
500 510 0.002
500 512 0.004
500 519 0.007
500 520 0.004
500 526 0.018000000000000002
500 528 0.013000000000000001
500 533 0.008
500 535 0.008
500 547 0.017
501 478 0.007
501 489 0.005
501 491 0.017
501 500 0.004
501 510 0.008
501 512 0.01
501 519 0.008
501 520 0.007
501 528 0.007
501 533 0.009000000000000001
502 484 0.007
502 485 0.013000000000000001
502 489 0.019
502 516 0.007
502 525 0.004
503 500 0.013000000000000001
503 512 0.003
503 521 0.006
503 529 0.007
504 483 0.016
504 495 0.013000000000000001
504 506 0.001
504 508 0.003
504 514 0.002
504 521 0.002
504 524 0.017
504 529 0.004
505 473 0.017
505 498 0.001
505 509 0.011
505 515 0.001
505 544 0.014
506 495 0.015
506 504 0.001
506 508 0.003
506 514 0.001
506 521 0.002
506 524 0.015
506 529 0.004
507 511 0.001
507 513 0.002
507 522 0.003
507 530 0.004
507 531 0.005
508 483 0.01
508 486 0.008
508 487 0.01
508 492 0.011
508 495 0.01
508 497 0.004
508 504 0.003
508 506 0.003
508 514 0.003
508 521 0.004
508 524 0.004
508 529 0.004
509 488 0.007
509 490 0.005
509 492 0.011
509 498 0.013000000000000001
509 505 0.011
509 515 0.013000000000000001
509 517 0.002
509 518 0.002
509 523 0.004
509 524 0.007
509 537 0.005
509 540 0.019
509 541 0.013000000000000001
509 544 0.018000000000000002
510 478 0.01
510 500 0.002
510 501 0.008
510 512 0.002
510 520 0.001
510 528 0.012
510 533 0.006
510 535 0.013000000000000001
511 481 0.013000000000000001
511 493 0.016
511 499 0.019
511 507 0.001
511 513 0.002
511 522 0.003
511 530 0.004
511 531 0.005
512 500 0.004
512 501 0.01
512 503 0.003
512 510 0.002
512 519 0.013000000000000001
512 520 0.003
512 521 0.015
512 533 0.009000000000000001
512 535 0.014
512 539 0.008
513 496 0.012
513 499 0.008
513 507 0.002
513 511 0.002
513 522 0.001
513 530 0.002
513 531 0.002
514 504 0.002
514 506 0.001
514 508 0.003
514 521 0.001
514 524 0.009000000000000001
514 529 0.002
514 539 0.019
515 480 0.019
515 498 0.002
515 505 0.001
515 509 0.013000000000000001
515 523 0.018000000000000002
515 544 0.009000000000000001
516 489 0.018000000000000002
516 494 0.011
516 502 0.007
516 519 0.015
516 525 0.003
516 526 0.005
516 527 0.001
516 528 0.008
516 533 0.02
516 534 0.004
516 538 0.005
516 545 0.009000000000000001
516 547 0.018000000000000002
516 552 0.014
516 553 0.013000000000000001
517 498 0.016
517 509 0.002
517 518 0.001
517 523 0.002
517 524 0.011
517 537 0.007
518 498 0.01
518 509 0.002
518 517 0.001
518 523 0.001
518 537 0.009000000000000001
519 500 0.007
519 501 0.008
519 512 0.013000000000000001
519 516 0.015
519 520 0.007
519 526 0.002
519 528 0.002
519 533 0.005
519 535 0.005
519 547 0.012
520 478 0.018000000000000002
520 500 0.004
520 501 0.007
520 510 0.001
520 512 0.003
520 519 0.007
520 526 0.013000000000000001
520 528 0.008
520 533 0.003
520 535 0.008
521 486 0.019
521 487 0.013000000000000001
521 495 0.01
521 497 0.007
521 503 0.006
521 504 0.002
521 506 0.002
521 508 0.004
521 512 0.015
521 514 0.001
521 524 0.016
521 529 0.002
521 532 0.019
521 539 0.01
521 543 0.019
522 496 0.015
522 499 0.01
522 507 0.003
522 511 0.003
522 513 0.001
522 530 0.002
522 531 0.002
523 490 0.019
523 498 0.008
523 509 0.004
523 515 0.018000000000000002
523 517 0.002
523 518 0.001
523 537 0.01
523 544 0.012
524 504 0.017
524 506 0.015
524 508 0.004
524 509 0.007
524 514 0.009000000000000001
524 517 0.011
524 521 0.016
524 529 0.007
524 532 0.002
524 536 0.004
524 537 0.007
524 541 0.007
524 543 0.008
524 550 0.01
524 551 0.018000000000000002
525 502 0.004
525 516 0.003
525 526 0.016
525 527 0.003
525 528 0.019
525 534 0.004
525 538 0.01
525 545 0.012
525 552 0.019
525 553 0.019
526 500 0.018000000000000002
526 516 0.005
526 519 0.002
526 520 0.013000000000000001
526 525 0.016
526 528 0.001
526 533 0.006
526 535 0.008
527 516 0.001
527 525 0.003
527 528 0.017
527 534 0.003
527 538 0.005
527 570 0.02
528 500 0.013000000000000001
528 501 0.007
528 510 0.012
528 516 0.008
528 519 0.002
528 520 0.008
528 525 0.019
528 526 0.001
528 527 0.017
528 533 0.005
528 535 0.006
529 487 0.013000000000000001
529 495 0.014
529 497 0.008
529 503 0.007
529 504 0.004
529 506 0.004
529 508 0.004
529 514 0.002
529 521 0.002
529 524 0.007
529 532 0.011
529 539 0.004
529 543 0.01
529 549 0.007
529 554 0.01
529 555 0.012
529 557 0.017
530 499 0.015
530 507 0.004
530 511 0.004
530 513 0.002
530 522 0.002
530 531 0.001
530 542 0.016
531 507 0.005
531 511 0.005
531 513 0.002
531 522 0.002
531 530 0.001
531 542 0.008
531 548 0.003
532 521 0.019
532 524 0.002
532 529 0.011
532 536 0.003
532 537 0.005
532 541 0.005
532 543 0.008
532 550 0.004
532 551 0.009000000000000001
533 500 0.008
533 501 0.009000000000000001
533 510 0.006
533 512 0.009000000000000001
533 516 0.02
533 519 0.005
533 520 0.003
533 526 0.006
533 528 0.005
533 535 0.001
533 539 0.014
533 547 0.005
533 557 0.01
534 516 0.004
534 525 0.004
534 527 0.003
534 538 0.003
534 545 0.013000000000000001
534 552 0.018000000000000002
535 500 0.008
535 510 0.013000000000000001
535 512 0.014
535 519 0.005
535 520 0.008
535 526 0.008
535 528 0.006
535 533 0.001
535 557 0.015
536 524 0.004
536 532 0.003
536 537 0.003
536 541 0.002
536 543 0.008
536 550 0.003
536 551 0.011
537 509 0.005
537 517 0.007
537 518 0.009000000000000001
537 523 0.01
537 524 0.007
537 532 0.005
537 536 0.003
537 541 0.001
537 543 0.009000000000000001
537 550 0.005
537 551 0.012
538 516 0.005
538 525 0.01
538 527 0.005
538 534 0.003
538 545 0.004
538 570 0.011
539 512 0.008
539 514 0.019
539 521 0.01
539 529 0.004
539 533 0.014
539 549 0.015
539 554 0.019
539 557 0.004
540 498 0.017
540 509 0.019
540 544 0.001
541 509 0.013000000000000001
541 524 0.007
541 532 0.005
541 536 0.002
541 537 0.001
541 543 0.014
541 550 0.005
541 551 0.013000000000000001
542 530 0.016
542 531 0.008
542 545 0.008
542 546 0.001
542 548 0.007
542 556 0.006
542 558 0.006
542 559 0.01
542 560 0.006
542 567 0.012
542 568 0.011
542 571 0.014
542 572 0.013000000000000001
542 575 0.02
542 580 0.02
543 521 0.019
543 524 0.008
543 529 0.01
543 532 0.008
543 536 0.008
543 537 0.009000000000000001
543 541 0.014
543 549 0.005
543 550 0.003
543 551 0.002
543 557 0.02
543 569 0.009000000000000001
544 498 0.02
544 505 0.014
544 509 0.018000000000000002
544 515 0.009000000000000001
544 523 0.012
544 540 0.001
545 516 0.009000000000000001
545 525 0.012
545 534 0.013000000000000001
545 538 0.004
545 542 0.008
545 553 0.012
545 559 0.003
545 570 0.013000000000000001
546 542 0.001
546 548 0.009000000000000001
546 556 0.007
546 558 0.007
546 559 0.014
546 560 0.007
546 568 0.013000000000000001
546 590 0.019
546 591 0.018000000000000002
547 500 0.017
547 516 0.018000000000000002
547 519 0.012
547 533 0.005
547 552 0.013000000000000001
547 557 0.011
547 570 0.01
548 531 0.003
548 542 0.007
548 546 0.009000000000000001
548 556 0.003
548 558 0.004
548 560 0.003
548 568 0.014
548 571 0.018000000000000002
548 572 0.013000000000000001
549 529 0.007
549 539 0.015
549 543 0.005
549 551 0.005
549 554 0.004
549 555 0.001
549 557 0.008
549 561 0.009000000000000001
549 562 0.003
549 564 0.003
549 566 0.003
549 569 0.004
549 574 0.007
549 578 0.017
549 581 0.01
549 588 0.018000000000000002
550 524 0.01
550 532 0.004
550 536 0.003
550 537 0.005
550 541 0.005
550 543 0.003
550 551 0.003
551 524 0.018000000000000002
551 532 0.009000000000000001
551 536 0.011
551 537 0.012
551 541 0.013000000000000001
551 543 0.002
551 549 0.005
551 550 0.003
551 569 0.005
552 516 0.014
552 525 0.019
552 534 0.018000000000000002
552 547 0.013000000000000001
552 553 0.001
552 570 0.003
553 516 0.013000000000000001
553 525 0.019
553 545 0.012
553 552 0.001
553 570 0.004
554 529 0.01
554 539 0.019
554 549 0.004
554 555 0.002
554 557 0.003
554 561 0.002
554 562 0.002
554 564 0.002
554 566 0.004
554 569 0.007
554 574 0.005
554 578 0.011
554 581 0.016
555 529 0.012
555 549 0.001
555 554 0.002
555 557 0.007
555 561 0.007
555 562 0.002
555 564 0.001
555 566 0.002
555 569 0.003
555 574 0.004
556 542 0.006
556 546 0.007
556 548 0.003
556 558 0.001
556 560 0.001
556 575 0.018000000000000002
556 590 0.02
556 591 0.02
557 529 0.017
557 533 0.01
557 535 0.015
557 539 0.004
557 543 0.02
557 547 0.011
557 549 0.008
557 554 0.003
557 555 0.007
557 561 0.001
557 562 0.005
557 564 0.007
557 565 0.008
557 566 0.008
557 569 0.014
557 574 0.013000000000000001
557 578 0.018000000000000002
557 579 0.007
558 542 0.006
558 546 0.007
558 548 0.004
558 556 0.001
558 560 0.002
558 575 0.013000000000000001
558 590 0.016
558 591 0.015
559 542 0.01
559 545 0.003
559 546 0.014
559 567 0.008
559 570 0.01
559 591 0.013000000000000001
560 542 0.006
560 546 0.007
560 548 0.003
560 556 0.001
560 558 0.002
560 568 0.012
560 571 0.02
560 572 0.012
560 597 0.018000000000000002
561 549 0.009000000000000001
561 554 0.002
561 555 0.007
561 557 0.001
561 562 0.004
561 564 0.005
561 566 0.005
561 569 0.009000000000000001
561 574 0.012
561 579 0.014
562 549 0.003
562 554 0.002
562 555 0.002
562 557 0.005
562 561 0.004
562 564 0.001
562 566 0.002
562 569 0.005
562 574 0.003
563 573 0.005
563 576 0.006
563 583 0.007
563 587 0.01
564 549 0.003
564 554 0.002
564 555 0.001
564 557 0.007
564 561 0.005
564 562 0.001
564 566 0.001
564 569 0.003
564 574 0.005
565 557 0.008
565 570 0.006
565 579 0.006
565 584 0.007
566 549 0.003
566 554 0.004
566 555 0.002
566 557 0.008
566 561 0.005
566 562 0.002
566 564 0.001
566 569 0.003
566 574 0.003
567 542 0.012
567 559 0.008
567 568 0.004
567 571 0.003
567 572 0.006
567 575 0.006
567 580 0.013000000000000001
567 589 0.012
567 590 0.008
567 591 0.007
568 542 0.011
568 546 0.013000000000000001
568 548 0.014
568 560 0.012
568 567 0.004
568 571 0.002
568 572 0.001
568 575 0.004
568 580 0.004
568 586 0.006
568 589 0.016
568 590 0.009000000000000001
568 591 0.007
569 543 0.009000000000000001
569 549 0.004
569 551 0.005
569 554 0.007
569 555 0.003
569 557 0.014
569 561 0.009000000000000001
569 562 0.005
569 564 0.003
569 566 0.003
569 574 0.003
569 578 0.009000000000000001
569 581 0.005
569 582 0.012
569 583 0.015
569 588 0.013000000000000001
569 596 0.016
570 527 0.02
570 538 0.011
570 545 0.013000000000000001
570 547 0.01
570 552 0.003
570 553 0.004
570 559 0.01
570 565 0.006
570 579 0.015
570 584 0.013000000000000001
571 542 0.014
571 548 0.018000000000000002
571 560 0.02
571 567 0.003
571 568 0.002
571 572 0.002
571 575 0.002
571 580 0.007
571 586 0.006
571 589 0.012
571 590 0.007
571 591 0.005
572 542 0.013000000000000001
572 548 0.013000000000000001
572 560 0.012
572 567 0.006
572 568 0.001
572 571 0.002
572 575 0.003
572 580 0.004
572 589 0.015
572 590 0.008
572 591 0.006
573 563 0.005
573 576 0.002
573 583 0.002
573 587 0.013000000000000001
574 549 0.007
574 554 0.005
574 555 0.004
574 557 0.013000000000000001
574 561 0.012
574 562 0.003
574 564 0.005
574 566 0.003
574 569 0.003
574 578 0.003
574 581 0.004
574 582 0.006
574 596 0.011
575 542 0.02
575 556 0.018000000000000002
575 558 0.013000000000000001
575 567 0.006
575 568 0.004
575 571 0.002
575 572 0.003
575 580 0.004
575 586 0.003
575 589 0.006
575 590 0.004
575 591 0.004
576 563 0.006
576 573 0.002
576 583 0.001
576 587 0.014
576 602 0.014
577 580 0.011
577 585 0.003
577 597 0.005
577 606 0.006
578 549 0.017
578 554 0.011
578 557 0.018000000000000002
578 569 0.009000000000000001
578 574 0.003
578 579 0.008
578 581 0.003
578 582 0.002
578 588 0.01
578 593 0.007
578 596 0.006
578 598 0.017
579 557 0.007
579 561 0.014
579 565 0.006
579 570 0.015
579 578 0.008
579 582 0.006
579 584 0.001
579 592 0.003
579 596 0.01
579 607 0.008
579 610 0.011
580 542 0.02
580 567 0.013000000000000001
580 568 0.004
580 571 0.007
580 572 0.004
580 575 0.004
580 577 0.011
580 586 0.005
580 589 0.011
580 590 0.005
580 591 0.003
581 549 0.01
581 554 0.016
581 569 0.005
581 574 0.004
581 578 0.003
581 582 0.004
581 588 0.005
581 596 0.006
581 616 0.015
582 569 0.012
582 574 0.006
582 578 0.002
582 579 0.006
582 581 0.004
582 588 0.007
582 592 0.017
582 593 0.003
582 596 0.004
582 598 0.008
582 615 0.019
583 563 0.007
583 569 0.015
583 573 0.002
583 576 0.001
583 587 0.004
583 602 0.006
584 565 0.007
584 570 0.013000000000000001
584 579 0.001
584 592 0.002
584 596 0.018000000000000002
584 607 0.014
585 577 0.003
585 597 0.002
585 606 0.004
586 568 0.006
586 571 0.006
586 575 0.003
586 580 0.005
586 589 0.002
586 590 0.001
586 591 0.002
586 618 0.012
586 623 0.01
587 563 0.01
587 573 0.013000000000000001
587 576 0.014
587 583 0.004
587 599 0.007
587 600 0.003
587 602 0.012
587 603 0.003
587 604 0.006
587 608 0.013000000000000001
587 612 0.01
587 613 0.012
587 614 0.014
587 619 0.015
587 620 0.019
587 622 0.017
587 624 0.008
587 625 0.019
588 549 0.018000000000000002
588 569 0.013000000000000001
588 578 0.01
588 581 0.005
588 582 0.007
588 593 0.005
588 596 0.006
588 598 0.004
588 602 0.018000000000000002
588 616 0.007
589 567 0.012
589 568 0.016
589 571 0.012
589 572 0.015
589 575 0.006
589 580 0.011
589 586 0.002
589 590 0.002
589 591 0.004
589 594 0.006
589 595 0.006
589 618 0.008
589 621 0.013000000000000001
589 623 0.007
590 546 0.019
590 556 0.02
590 558 0.016
590 567 0.008
590 568 0.009000000000000001
590 571 0.007
590 572 0.008
590 575 0.004
590 580 0.005
590 586 0.001
590 589 0.002
590 591 0.002
590 594 0.009000000000000001
590 595 0.009000000000000001
590 618 0.008
590 621 0.008
590 623 0.006
591 546 0.018000000000000002
591 556 0.02
591 558 0.015
591 559 0.013000000000000001
591 567 0.007
591 568 0.007
591 571 0.005
591 572 0.006
591 575 0.004
591 580 0.003
591 586 0.002
591 589 0.004
591 590 0.002
591 594 0.011
591 595 0.011
591 618 0.01
591 621 0.011
591 623 0.008
592 579 0.003
592 582 0.017
592 584 0.002
592 596 0.008
592 607 0.008
593 578 0.007
593 582 0.003
593 588 0.005
593 596 0.002
593 598 0.005
593 615 0.011
593 616 0.014
594 589 0.006
594 590 0.009000000000000001
594 591 0.011
594 595 0.001
594 618 0.008
594 621 0.02
594 623 0.013000000000000001
595 589 0.006
595 590 0.009000000000000001
595 591 0.011
595 594 0.001
595 618 0.008
595 621 0.02
595 623 0.013000000000000001
596 569 0.016
596 574 0.011
596 578 0.006
596 579 0.01
596 581 0.006
596 582 0.004
596 584 0.018000000000000002
596 588 0.006
596 592 0.008
596 593 0.002
596 598 0.004
596 601 0.02
596 607 0.011
596 609 0.019
596 615 0.008
596 616 0.02
596 617 0.007
596 629 0.019
597 560 0.018000000000000002
597 577 0.005
597 585 0.002
597 606 0.002
598 578 0.017
598 582 0.008
598 588 0.004
598 593 0.005
598 596 0.004
598 601 0.018000000000000002
598 602 0.017
598 615 0.006
598 616 0.006
599 587 0.007
599 600 0.002
599 603 0.003
599 604 0.002
599 608 0.002
599 612 0.002
599 613 0.001
599 614 0.006
599 619 0.004
599 620 0.003
599 622 0.017
599 624 0.003
599 625 0.011
600 587 0.003
600 599 0.002
600 603 0.001
600 604 0.005
600 612 0.002
600 619 0.004
600 620 0.004
600 622 0.01
600 624 0.005
601 596 0.02
601 598 0.018000000000000002
601 602 0.002
601 609 0.001
601 611 0.001
601 616 0.003
601 622 0.011
602 576 0.014
602 583 0.006
602 587 0.012
602 588 0.018000000000000002
602 598 0.017
602 601 0.002
602 603 0.014
602 609 0.003
602 611 0.002
602 614 0.006
602 615 0.018000000000000002
602 616 0.003
602 622 0.003
602 625 0.005
603 587 0.003
603 599 0.003
603 600 0.001
603 602 0.014
603 604 0.005
603 608 0.005
603 612 0.002
603 613 0.004
603 614 0.006
603 619 0.003
603 620 0.005
603 622 0.009000000000000001
603 624 0.005
603 625 0.013000000000000001
604 587 0.006
604 599 0.002
604 600 0.005
604 603 0.005
604 608 0.001
604 612 0.003
604 613 0.002
604 614 0.007
604 619 0.005
604 620 0.004
604 622 0.017
604 624 0.003
604 625 0.012
604 631 0.015
605 607 0.015
605 618 0.009000000000000001
605 627 0.01
606 577 0.006
606 585 0.004
606 597 0.002
607 579 0.008
607 584 0.014
607 592 0.008
607 596 0.011
607 605 0.015
607 610 0.001
607 626 0.006
607 627 0.01
608 587 0.013000000000000001
608 599 0.002
608 603 0.005
608 604 0.001
608 612 0.003
608 613 0.001
608 620 0.003
608 622 0.019
608 624 0.002
609 596 0.019
609 601 0.001
609 602 0.003
609 611 0.001
609 616 0.001
609 622 0.01
610 579 0.011
610 607 0.001
610 626 0.008
610 627 0.01
611 601 0.001
611 602 0.002
611 609 0.001
611 616 0.001
611 622 0.008
612 587 0.01
612 599 0.002
612 600 0.002
612 603 0.002
612 604 0.003
612 608 0.003
612 613 0.002
612 619 0.004
612 620 0.002
612 622 0.011
612 624 0.003
613 587 0.012
613 599 0.001
613 603 0.004
613 604 0.002
613 608 0.001
613 612 0.002
613 619 0.004
613 620 0.002
613 622 0.014
613 624 0.002
614 587 0.014
614 599 0.006
614 602 0.006
614 603 0.006
614 604 0.007
614 616 0.014
614 619 0.001
614 620 0.011
614 622 0.003
614 624 0.006
614 625 0.003
615 582 0.019
615 593 0.011
615 596 0.008
615 598 0.006
615 602 0.018000000000000002
615 616 0.006
615 617 0.003
615 629 0.018000000000000002
615 637 0.007
616 581 0.015
616 588 0.007
616 593 0.014
616 596 0.02
616 598 0.006
616 601 0.003
616 602 0.003
616 609 0.001
616 611 0.001
616 614 0.014
616 615 0.006
616 617 0.016
616 622 0.004
616 625 0.009000000000000001
616 637 0.007
617 596 0.007
617 615 0.003
617 616 0.016
617 629 0.005
617 637 0.012
618 586 0.012
618 589 0.008
618 590 0.008
618 591 0.01
618 594 0.008
618 595 0.008
618 605 0.009000000000000001
618 621 0.002
618 623 0.002
618 628 0.002
618 632 0.003
618 633 0.017
618 638 0.013000000000000001
618 641 0.008
618 643 0.009000000000000001
618 654 0.015
619 587 0.015
619 599 0.004
619 600 0.004
619 603 0.003
619 604 0.005
619 612 0.004
619 613 0.004
619 614 0.001
619 620 0.004
619 622 0.004
619 624 0.004
619 625 0.003
620 587 0.019
620 599 0.003
620 600 0.004
620 603 0.005
620 604 0.004
620 608 0.003
620 612 0.002
620 613 0.002
620 614 0.011
620 619 0.004
620 622 0.009000000000000001
620 624 0.001
621 589 0.013000000000000001
621 590 0.008
621 591 0.011
621 594 0.02
621 595 0.02
621 618 0.002
621 623 0.001
621 628 0.001
621 632 0.003
621 641 0.008
621 643 0.009000000000000001
621 654 0.015
622 587 0.017
622 599 0.017
622 600 0.01
622 601 0.011
622 602 0.003
622 603 0.009000000000000001
622 604 0.017
622 608 0.019
622 609 0.01
622 611 0.008
622 612 0.011
622 613 0.014
622 614 0.003
622 616 0.004
622 619 0.004
622 620 0.009000000000000001
622 624 0.012
622 625 0.001
622 631 0.005
622 636 0.013000000000000001
622 637 0.013000000000000001
622 639 0.014
622 642 0.019
623 586 0.01
623 589 0.007
623 590 0.006
623 591 0.008
623 594 0.013000000000000001
623 595 0.013000000000000001
623 618 0.002
623 621 0.001
623 628 0.001
623 632 0.003
623 641 0.007
623 643 0.007
623 654 0.014
624 587 0.008
624 599 0.003
624 600 0.005
624 603 0.005
624 604 0.003
624 608 0.002
624 612 0.003
624 613 0.002
624 614 0.006
624 619 0.004
624 620 0.001
624 622 0.012
624 625 0.008
624 631 0.006
624 636 0.009000000000000001
624 639 0.01
624 642 0.009000000000000001
625 587 0.019
625 599 0.011
625 602 0.005
625 603 0.013000000000000001
625 604 0.012
625 614 0.003
625 616 0.009000000000000001
625 619 0.003
625 622 0.001
625 624 0.008
626 607 0.006
626 610 0.008
626 627 0.004
626 629 0.011
626 630 0.004
626 633 0.011
626 634 0.004
626 635 0.011
626 647 0.01
626 649 0.017
627 605 0.01
627 607 0.01
627 610 0.01
627 626 0.004
627 630 0.005
627 633 0.007
627 634 0.005
627 635 0.01
627 638 0.015
627 647 0.012
627 649 0.018000000000000002
627 655 0.008
628 618 0.002
628 621 0.001
628 623 0.001
628 632 0.001
628 641 0.012
628 643 0.017
629 596 0.019
629 615 0.018000000000000002
629 617 0.005
629 626 0.011
629 637 0.011
629 647 0.011
629 649 0.01
630 626 0.004
630 627 0.005
630 634 0.002
630 635 0.005
630 647 0.005
630 649 0.01
631 604 0.015
631 622 0.005
631 624 0.006
631 636 0.005
631 637 0.01
631 639 0.003
631 642 0.005
632 618 0.003
632 621 0.003
632 623 0.003
632 628 0.001
632 641 0.012
633 618 0.017
633 626 0.011
633 627 0.007
633 638 0.002
633 647 0.009000000000000001
633 651 0.006
633 655 0.003
633 657 0.008
634 626 0.004
634 627 0.005
634 630 0.002
634 635 0.005
634 638 0.008
634 647 0.004
634 649 0.013000000000000001
634 655 0.005
635 626 0.011
635 627 0.01
635 630 0.005
635 634 0.005
635 647 0.003
635 649 0.004
636 622 0.013000000000000001
636 624 0.009000000000000001
636 631 0.005
636 637 0.019
636 639 0.001
636 642 0.003
636 659 0.008
636 663 0.015
637 615 0.007
637 616 0.007
637 617 0.012
637 622 0.013000000000000001
637 629 0.011
637 631 0.01
637 636 0.019
637 639 0.017
637 640 0.001
637 644 0.01
637 645 0.004
637 646 0.001
637 648 0.002
637 649 0.017
637 652 0.005
637 658 0.004
637 661 0.006
637 662 0.007
637 665 0.01
637 669 0.013000000000000001
638 618 0.013000000000000001
638 627 0.015
638 633 0.002
638 634 0.008
638 647 0.009000000000000001
638 649 0.017
638 651 0.003
638 655 0.002
638 657 0.004
638 667 0.014
639 622 0.014
639 624 0.01
639 631 0.003
639 636 0.001
639 637 0.017
639 642 0.003
639 659 0.008
639 663 0.013000000000000001
640 637 0.001
640 644 0.016
640 645 0.004
640 646 0.001
640 648 0.002
640 652 0.008
640 658 0.003
640 661 0.008
640 662 0.011
640 669 0.017
641 618 0.008
641 621 0.008
641 623 0.007
641 628 0.012
641 632 0.012
641 643 0.001
641 654 0.003
641 664 0.017
642 622 0.019
642 624 0.009000000000000001
642 631 0.005
642 636 0.003
642 639 0.003
642 650 0.002
642 659 0.003
642 660 0.003
642 663 0.004
643 618 0.009000000000000001
643 621 0.009000000000000001
643 623 0.007
643 628 0.017
643 641 0.001
643 654 0.003
644 637 0.01
644 640 0.016
644 645 0.005
644 647 0.011
644 649 0.002
644 652 0.006
644 665 0.008
645 637 0.004
645 640 0.004
645 644 0.005
645 646 0.004
645 648 0.003
645 649 0.012
645 652 0.001
645 658 0.002
645 661 0.014
645 662 0.02
645 665 0.005
646 637 0.001
646 640 0.001
646 645 0.004
646 648 0.001
646 652 0.005
646 658 0.002
646 662 0.012
646 665 0.013000000000000001
647 626 0.01
647 627 0.012
647 629 0.011
647 630 0.005
647 633 0.009000000000000001
647 634 0.004
647 635 0.003
647 638 0.009000000000000001
647 644 0.011
647 649 0.004
647 655 0.005
648 637 0.002
648 640 0.002
648 645 0.003
648 646 0.001
648 652 0.007
648 658 0.001
648 662 0.017
649 626 0.017
649 627 0.018000000000000002
649 629 0.01
649 630 0.01
649 634 0.013000000000000001
649 635 0.004
649 637 0.017
649 638 0.017
649 644 0.002
649 645 0.012
649 647 0.004
650 642 0.002
650 659 0.002
650 660 0.001
650 663 0.002
651 633 0.006
651 638 0.003
651 655 0.002
651 657 0.001
651 667 0.008
652 637 0.005
652 640 0.008
652 644 0.006
652 645 0.001
652 646 0.005
652 648 0.007
652 658 0.002
652 665 0.009000000000000001
653 656 0.002
654 618 0.015
654 621 0.015
654 623 0.014
654 641 0.003
654 643 0.003
654 666 0.017
655 627 0.008
655 633 0.003
655 634 0.005
655 638 0.002
655 647 0.005
655 651 0.002
655 657 0.002
655 667 0.015
655 683 0.02
656 653 0.002
656 666 0.011
657 633 0.008
657 638 0.004
657 651 0.001
657 655 0.002
657 667 0.003
658 637 0.004
658 640 0.003
658 645 0.002
658 646 0.002
658 648 0.001
658 652 0.002
658 661 0.005
658 662 0.013000000000000001
658 665 0.014
659 636 0.008
659 639 0.008
659 642 0.003
659 650 0.002
659 660 0.002
659 663 0.003
659 671 0.006
660 642 0.003
660 650 0.001
660 659 0.002
660 663 0.002
660 671 0.006
661 637 0.006
661 640 0.008
661 645 0.014
661 658 0.005
661 662 0.001
661 669 0.006
662 637 0.007
662 640 0.011
662 645 0.02
662 646 0.012
662 648 0.017
662 658 0.013000000000000001
662 661 0.001
662 663 0.007
662 669 0.003
663 636 0.015
663 639 0.013000000000000001
663 642 0.004
663 650 0.002
663 659 0.003
663 660 0.002
663 662 0.007
663 671 0.005
663 672 0.019
663 676 0.015
663 678 0.018000000000000002
664 641 0.017
664 666 0.003
664 668 0.015
664 670 0.015
664 673 0.005
665 637 0.01
665 644 0.008
665 645 0.005
665 646 0.013000000000000001
665 652 0.009000000000000001
665 658 0.014
665 690 0.015
665 691 0.017
666 654 0.017
666 656 0.011
666 664 0.003
666 673 0.015
667 638 0.014
667 651 0.008
667 655 0.015
667 657 0.003
667 668 0.009000000000000001
667 670 0.004
667 673 0.016
667 683 0.015
668 664 0.015
668 667 0.009000000000000001
668 670 0.002
668 673 0.002
668 681 0.011
669 637 0.013000000000000001
669 640 0.017
669 661 0.006
669 662 0.003
670 664 0.015
670 667 0.004
670 668 0.002
670 673 0.005
670 681 0.008
670 683 0.016
671 659 0.006
671 660 0.006
671 663 0.005
671 672 0.001
671 675 0.001
671 676 0.013000000000000001
671 678 0.002
671 679 0.002
671 680 0.003
671 682 0.004
671 684 0.004
672 663 0.019
672 671 0.001
672 675 0.001
672 678 0.003
672 679 0.002
672 680 0.002
672 682 0.003
672 684 0.004
673 664 0.005
673 666 0.015
673 667 0.016
673 668 0.002
673 670 0.005
673 681 0.017
674 677 0.001
674 685 0.012
674 686 0.005
674 696 0.015
674 702 0.02
675 671 0.001
675 672 0.001
675 678 0.002
675 679 0.001
675 680 0.001
675 682 0.002
675 684 0.002
676 663 0.015
676 671 0.013000000000000001
676 678 0.006
676 684 0.017
676 687 0.003
677 674 0.001
677 685 0.008
677 686 0.003
677 696 0.012
677 702 0.016
678 663 0.018000000000000002
678 671 0.002
678 672 0.003
678 675 0.002
678 676 0.006
678 679 0.001
678 680 0.002
678 682 0.002
678 684 0.003
679 671 0.002
679 672 0.002
679 675 0.001
679 678 0.001
679 680 0.002
679 682 0.002
679 684 0.002
680 671 0.003
680 672 0.002
680 675 0.001
680 678 0.002
680 679 0.002
680 682 0.001
680 684 0.001
681 668 0.011
681 670 0.008
681 673 0.017
681 686 0.009000000000000001
681 694 0.008
682 671 0.004
682 672 0.003
682 675 0.002
682 678 0.002
682 679 0.002
682 680 0.001
682 684 0.001
682 701 0.009000000000000001
682 703 0.01
683 655 0.02
683 667 0.015
683 670 0.016
683 690 0.018000000000000002
683 692 0.003
683 693 0.005
683 694 0.013000000000000001
683 695 0.015
683 699 0.005
683 710 0.011
683 725 0.016
683 726 0.018000000000000002
684 671 0.004
684 672 0.004
684 675 0.002
684 676 0.017
684 678 0.003
684 679 0.002
684 680 0.001
684 682 0.001
685 674 0.012
685 677 0.008
685 686 0.006
685 688 0.001
685 689 0.001
685 696 0.007
685 697 0.003
685 700 0.005
685 702 0.006
685 708 0.008
685 712 0.016
685 713 0.009000000000000001
685 715 0.019
685 720 0.01
685 724 0.013000000000000001
685 728 0.017
686 674 0.005
686 677 0.003
686 681 0.009000000000000001
686 685 0.006
686 688 0.005
686 689 0.007
686 696 0.003
686 697 0.011
686 700 0.009000000000000001
686 702 0.011
686 708 0.018000000000000002
686 712 0.018000000000000002
686 713 0.015
686 720 0.013000000000000001
686 728 0.019
687 676 0.003
687 698 0.007
687 704 0.01
688 685 0.001
688 686 0.005
688 689 0.001
688 696 0.005
688 697 0.003
688 700 0.007
688 702 0.006
688 708 0.009000000000000001
688 713 0.016
688 720 0.01
688 728 0.016
689 685 0.001
689 686 0.007
689 688 0.001
689 696 0.005
689 697 0.003
689 700 0.005
689 702 0.005
689 708 0.01
689 712 0.014
689 713 0.013000000000000001
689 715 0.017
689 720 0.011
689 728 0.016
690 665 0.015
690 683 0.018000000000000002
690 691 0.001
690 698 0.015
690 714 0.012
690 719 0.016
691 665 0.017
691 690 0.001
691 698 0.018000000000000002
691 714 0.014
691 719 0.014
692 683 0.003
692 693 0.002
692 694 0.014
692 699 0.003
692 710 0.009000000000000001
692 725 0.012
692 726 0.018000000000000002
693 683 0.005
693 692 0.002
693 694 0.009000000000000001
693 695 0.014
693 699 0.003
693 710 0.008
693 725 0.011
694 681 0.008
694 683 0.013000000000000001
694 692 0.014
694 693 0.009000000000000001
694 695 0.001
694 705 0.014
694 722 0.014
694 723 0.014
694 725 0.015
694 729 0.019
695 683 0.015
695 693 0.014
695 694 0.001
695 722 0.013000000000000001
695 723 0.014
695 725 0.017
695 729 0.017
696 674 0.015
696 677 0.012
696 685 0.007
696 686 0.003
696 688 0.005
696 689 0.005
696 697 0.009000000000000001
696 700 0.004
696 702 0.007
696 708 0.018000000000000002
696 713 0.011
696 720 0.008
696 728 0.014
697 685 0.003
697 686 0.011
697 688 0.003
697 689 0.003
697 696 0.009000000000000001
697 700 0.003
697 702 0.002
697 708 0.003
697 713 0.005
697 720 0.006
697 724 0.01
697 728 0.011
698 687 0.007
698 690 0.015
698 691 0.018000000000000002
698 704 0.004
698 707 0.007
698 711 0.007
698 719 0.006
698 721 0.018000000000000002
699 683 0.005
699 692 0.003
699 693 0.003
699 710 0.006
699 714 0.013000000000000001
699 725 0.006
699 726 0.012
700 685 0.005
700 686 0.009000000000000001
700 688 0.007
700 689 0.005
700 696 0.004
700 697 0.003
700 702 0.004
700 708 0.003
700 713 0.003
700 720 0.004
700 724 0.008
700 728 0.009000000000000001
701 682 0.009000000000000001
701 703 0.001
701 706 0.002
701 709 0.004
701 716 0.004
701 717 0.002
701 718 0.002
702 674 0.02
702 677 0.016
702 685 0.006
702 686 0.011
702 688 0.006
702 689 0.005
702 696 0.007
702 697 0.002
702 700 0.004
702 708 0.002
702 712 0.011
702 713 0.005
702 715 0.013000000000000001
702 720 0.003
702 724 0.005
702 728 0.01
703 682 0.01
703 701 0.001
703 706 0.002
703 709 0.004
703 716 0.004
703 717 0.002
703 718 0.001
704 687 0.01
704 698 0.004
704 719 0.011
705 694 0.014
705 712 0.013000000000000001
705 715 0.012
705 722 0.003
705 723 0.003
705 729 0.008
706 701 0.002
706 703 0.002
706 709 0.001
706 716 0.001
706 717 0.001
706 718 0.003
707 698 0.007
707 711 0.001
707 714 0.01
707 719 0.001
707 726 0.016
708 685 0.008
708 686 0.018000000000000002
708 688 0.009000000000000001
708 689 0.01
708 696 0.018000000000000002
708 697 0.003
708 700 0.003
708 702 0.002
708 713 0.003
708 720 0.002
708 724 0.004
708 728 0.007
709 701 0.004
709 703 0.004
709 706 0.001
709 716 0.001
709 717 0.003
709 718 0.005
709 721 0.006
709 730 0.018000000000000002
709 731 0.004
709 732 0.015
709 737 0.01
709 744 0.016
710 683 0.011
710 692 0.009000000000000001
710 693 0.008
710 699 0.006
710 714 0.005
710 725 0.002
710 726 0.005
711 698 0.007
711 707 0.001
711 714 0.011
711 719 0.001
711 726 0.017
712 685 0.016
712 686 0.018000000000000002
712 689 0.014
712 702 0.011
712 705 0.013000000000000001
712 715 0.001
712 720 0.01
712 722 0.008
712 728 0.009000000000000001
713 685 0.009000000000000001
713 686 0.015
713 688 0.016
713 689 0.013000000000000001
713 696 0.011
713 697 0.005
713 700 0.003
713 702 0.005
713 708 0.003
713 720 0.002
713 724 0.002
713 728 0.005
714 690 0.012
714 691 0.014
714 699 0.013000000000000001
714 707 0.01
714 710 0.005
714 711 0.011
714 719 0.009000000000000001
714 725 0.007
714 726 0.002
714 727 0.01
714 734 0.018000000000000002
715 685 0.019
715 689 0.017
715 702 0.013000000000000001
715 705 0.012
715 712 0.001
715 720 0.013000000000000001
715 722 0.007
715 728 0.009000000000000001
716 701 0.004
716 703 0.004
716 706 0.001
716 709 0.001
716 717 0.002
716 718 0.004
716 721 0.009000000000000001
716 731 0.004
716 732 0.019
716 737 0.009000000000000001
717 701 0.002
717 703 0.002
717 706 0.001
717 709 0.003
717 716 0.002
717 718 0.002
718 701 0.002
718 703 0.001
718 706 0.003
718 709 0.005
718 716 0.004
718 717 0.002
718 721 0.016
718 731 0.009000000000000001
718 737 0.012
719 690 0.016
719 691 0.014
719 698 0.006
719 704 0.011
719 707 0.001
719 711 0.001
719 714 0.009000000000000001
719 726 0.014
719 727 0.006
720 685 0.01
720 686 0.013000000000000001
720 688 0.01
720 689 0.011
720 696 0.008
720 697 0.006
720 700 0.004
720 702 0.003
720 708 0.002
720 712 0.01
720 713 0.002
720 715 0.013000000000000001
720 724 0.002
720 728 0.005
720 745 0.017
721 698 0.018000000000000002
721 709 0.006
721 716 0.009000000000000001
721 718 0.016
721 730 0.006
721 731 0.017
721 741 0.011
722 694 0.014
722 695 0.013000000000000001
722 705 0.003
722 712 0.008
722 715 0.007
722 723 0.001
722 725 0.015
722 729 0.003
723 694 0.014
723 695 0.014
723 705 0.003
723 722 0.001
723 725 0.011
723 729 0.003
723 739 0.016
724 685 0.013000000000000001
724 697 0.01
724 700 0.008
724 702 0.005
724 708 0.004
724 713 0.002
724 720 0.002
724 728 0.002
724 745 0.011
725 683 0.016
725 692 0.012
725 693 0.011
725 694 0.015
725 695 0.017
725 699 0.006
725 710 0.002
725 714 0.007
725 722 0.015
725 723 0.011
725 726 0.007
726 683 0.018000000000000002
726 692 0.018000000000000002
726 699 0.012
726 707 0.016
726 710 0.005
726 711 0.017
726 714 0.002
726 719 0.014
726 725 0.007
726 727 0.01
726 747 0.008
727 714 0.01
727 719 0.006
727 726 0.01
727 734 0.003
727 742 0.008
727 743 0.009000000000000001
727 754 0.011
728 685 0.017
728 686 0.019
728 688 0.016
728 689 0.016
728 696 0.014
728 697 0.011
728 700 0.009000000000000001
728 702 0.01
728 708 0.007
728 712 0.009000000000000001
728 713 0.005
728 715 0.009000000000000001
728 720 0.005
728 724 0.002
728 733 0.007
728 735 0.005
728 745 0.004
728 746 0.007
728 749 0.019
728 751 0.01
729 694 0.019
729 695 0.017
729 705 0.008
729 722 0.003
729 723 0.003
729 733 0.02
729 739 0.007
730 709 0.018000000000000002
730 721 0.006
730 731 0.008
730 732 0.001
730 740 0.02
730 741 0.004
731 709 0.004
731 716 0.004
731 718 0.009000000000000001
731 721 0.017
731 730 0.008
731 732 0.005
731 736 0.013000000000000001
731 737 0.01
731 738 0.019
731 741 0.004
731 752 0.018000000000000002
731 755 0.02
732 709 0.015
732 716 0.019
732 730 0.001
732 731 0.005
732 736 0.012
732 741 0.003
733 728 0.007
733 729 0.02
733 735 0.001
733 739 0.006
733 749 0.006
734 714 0.018000000000000002
734 727 0.003
734 742 0.003
734 743 0.003
734 748 0.015
734 754 0.007
734 765 0.014
735 728 0.005
735 733 0.001
735 749 0.01
736 731 0.013000000000000001
736 732 0.012
736 738 0.002
736 740 0.003
736 741 0.005
736 743 0.018000000000000002
736 752 0.012
737 709 0.01
737 716 0.009000000000000001
737 718 0.012
737 731 0.01
737 741 0.012
737 744 0.002
737 757 0.004
737 761 0.013000000000000001
738 731 0.019
738 736 0.002
738 740 0.001
738 741 0.011
738 743 0.012
738 752 0.009000000000000001
738 754 0.006
738 755 0.013000000000000001
738 759 0.018000000000000002
738 765 0.016
739 723 0.016
739 729 0.007
739 733 0.006
739 758 0.013000000000000001
739 760 0.006
739 762 0.006
739 763 0.008
740 730 0.02
740 736 0.003
740 738 0.001
740 743 0.009000000000000001
740 754 0.004
740 765 0.015
741 721 0.011
741 730 0.004
741 731 0.004
741 732 0.003
741 736 0.005
741 737 0.012
741 738 0.011
741 744 0.018000000000000002
741 752 0.007
741 755 0.008
741 761 0.01
742 727 0.008
742 734 0.003
742 743 0.001
742 748 0.01
742 754 0.003
742 765 0.009000000000000001
743 727 0.009000000000000001
743 734 0.003
743 736 0.018000000000000002
743 738 0.012
743 740 0.009000000000000001
743 742 0.001
743 748 0.005
743 754 0.003
743 756 0.013000000000000001
743 765 0.006
744 709 0.016
744 737 0.002
744 741 0.018000000000000002
744 757 0.003
744 761 0.011
744 778 0.019
745 720 0.017
745 724 0.011
745 728 0.004
745 746 0.002
745 749 0.007
745 751 0.001
745 764 0.004
745 767 0.005
745 775 0.013000000000000001
746 728 0.007
746 745 0.002
746 749 0.015
746 751 0.001
746 764 0.005
746 767 0.007
746 775 0.014
746 777 0.019
747 726 0.008
747 748 0.016
747 750 0.001
747 753 0.014
747 756 0.012
747 758 0.015
747 768 0.007
747 773 0.015
748 734 0.015
748 742 0.01
748 743 0.005
748 747 0.016
748 750 0.018000000000000002
748 753 0.002
748 754 0.012
748 756 0.001
748 765 0.005
748 768 0.005
749 728 0.019
749 733 0.006
749 735 0.01
749 745 0.007
749 746 0.015
749 760 0.01
749 763 0.013000000000000001
749 764 0.01
750 747 0.001
750 748 0.018000000000000002
750 758 0.012
750 768 0.007
750 773 0.008
751 728 0.01
751 745 0.001
751 746 0.001
751 764 0.005
752 731 0.018000000000000002
752 736 0.012
752 738 0.009000000000000001
752 741 0.007
752 754 0.008
752 755 0.001
752 759 0.003
752 761 0.012
752 765 0.012
752 766 0.015
753 747 0.014
753 748 0.002
753 756 0.001
753 768 0.004
754 727 0.011
754 734 0.007
754 738 0.006
754 740 0.004
754 742 0.003
754 743 0.003
754 748 0.012
754 752 0.008
754 765 0.003
755 731 0.02
755 738 0.013000000000000001
755 741 0.008
755 752 0.001
755 759 0.002
755 761 0.011
755 765 0.015
755 766 0.008
755 772 0.015
755 781 0.014
756 743 0.013000000000000001
756 747 0.012
756 748 0.001
756 753 0.001
756 765 0.007
756 768 0.006
757 737 0.004
757 744 0.003
757 761 0.008
757 778 0.011
758 739 0.013000000000000001
758 747 0.015
758 750 0.012
758 760 0.012
758 762 0.006
758 763 0.008
758 769 0.003
758 771 0.006
758 773 0.003
759 738 0.018000000000000002
759 752 0.003
759 755 0.002
759 761 0.011
759 765 0.02
759 766 0.003
759 772 0.005
759 774 0.015
759 781 0.011
760 739 0.006
760 749 0.01
760 758 0.012
760 762 0.003
760 763 0.001
760 769 0.015
760 771 0.003
760 773 0.006
761 737 0.013000000000000001
761 741 0.01
761 744 0.011
761 752 0.012
761 755 0.011
761 757 0.008
761 759 0.011
761 766 0.007
761 772 0.009000000000000001
761 778 0.007
761 781 0.016
762 739 0.006
762 758 0.006
762 760 0.003
762 763 0.003
762 769 0.003
762 771 0.002
762 773 0.004
763 739 0.008
763 749 0.013000000000000001
763 758 0.008
763 760 0.001
763 762 0.003
763 769 0.008
763 771 0.004
763 773 0.007
763 779 0.008
763 784 0.011
764 745 0.004
764 746 0.005
764 749 0.01
764 751 0.005
764 767 0.003
764 775 0.004
765 734 0.014
765 738 0.016
765 740 0.015
765 742 0.009000000000000001
765 743 0.006
765 748 0.005
765 752 0.012
765 754 0.003
765 755 0.015
765 756 0.007
765 759 0.02
765 780 0.017
765 785 0.008
766 752 0.015
766 755 0.008
766 759 0.003
766 761 0.007
766 772 0.001
766 774 0.012
766 780 0.016
766 781 0.006
766 786 0.016
767 745 0.005
767 746 0.007
767 764 0.003
767 775 0.003
767 777 0.008
767 783 0.013000000000000001
768 747 0.007
768 748 0.005
768 750 0.007
768 753 0.004
768 756 0.006
768 785 0.006
768 791 0.008
769 758 0.003
769 760 0.015
769 762 0.003
769 763 0.008
769 771 0.003
769 773 0.001
770 772 0.018000000000000002
770 776 0.002
770 778 0.003
771 758 0.006
771 760 0.003
771 762 0.002
771 763 0.004
771 769 0.003
771 773 0.003
771 779 0.016
771 784 0.007
771 808 0.02
772 755 0.015
772 759 0.005
772 761 0.009000000000000001
772 766 0.001
772 770 0.018000000000000002
772 774 0.003
772 780 0.018000000000000002
772 781 0.004
772 786 0.017
773 747 0.015
773 750 0.008
773 758 0.003
773 760 0.006
773 762 0.004
773 763 0.007
773 769 0.001
773 771 0.003
773 789 0.004
773 792 0.006
774 759 0.015
774 766 0.012
774 772 0.003
774 780 0.007
774 781 0.001
774 786 0.008
774 787 0.014
775 745 0.013000000000000001
775 746 0.014
775 764 0.004
775 767 0.003
775 777 0.002
775 783 0.005
775 808 0.017
776 770 0.002
776 778 0.002
776 782 0.013000000000000001
776 788 0.008
777 746 0.019
777 767 0.008
777 775 0.002
777 779 0.009000000000000001
777 783 0.002
777 794 0.016
777 796 0.008
777 808 0.01
778 744 0.019
778 757 0.011
778 761 0.007
778 770 0.003
778 776 0.002
778 781 0.011
778 782 0.013000000000000001
778 788 0.008
778 798 0.017
779 763 0.008
779 771 0.016
779 777 0.009000000000000001
779 783 0.006
779 784 0.004
779 793 0.002
779 794 0.002
779 795 0.003
779 796 0.01
779 797 0.003
779 808 0.005
779 811 0.014
779 825 0.014
780 765 0.017
780 766 0.016
780 772 0.018000000000000002
780 774 0.007
780 781 0.007
780 785 0.012
780 786 0.001
780 787 0.001
780 790 0.007
780 812 0.013000000000000001
780 821 0.011
781 755 0.014
781 759 0.011
781 761 0.016
781 766 0.006
781 772 0.004
781 774 0.001
781 778 0.011
781 780 0.007
781 786 0.008
781 787 0.008
781 798 0.014
782 776 0.013000000000000001
782 778 0.013000000000000001
782 788 0.004
782 803 0.018000000000000002
782 805 0.017
782 824 0.019
783 767 0.013000000000000001
783 775 0.005
783 777 0.002
783 779 0.006
783 794 0.011
783 795 0.005
783 796 0.003
783 808 0.007
784 763 0.011
784 771 0.007
784 779 0.004
784 789 0.005
784 792 0.017
784 808 0.008
785 765 0.008
785 768 0.006
785 780 0.012
785 786 0.012
785 787 0.015
785 790 0.002
785 791 0.004
785 799 0.004
785 800 0.008
785 802 0.004
785 806 0.006
785 809 0.01
785 812 0.01
785 813 0.008
785 819 0.007
785 821 0.016
785 829 0.017
786 766 0.016
786 772 0.017
786 774 0.008
786 780 0.001
786 781 0.008
786 785 0.012
786 787 0.001
786 790 0.006
786 812 0.013000000000000001
786 821 0.008
787 774 0.014
787 780 0.001
787 781 0.008
787 785 0.015
787 786 0.001
787 790 0.007
787 812 0.007
787 821 0.007
788 776 0.008
788 778 0.008
788 782 0.004
788 801 0.014
788 803 0.013000000000000001
788 805 0.015
788 824 0.012
788 828 0.014
789 773 0.004
789 784 0.005
789 792 0.001
789 804 0.011
789 808 0.017
789 814 0.01
790 780 0.007
790 785 0.002
790 786 0.006
790 787 0.007
790 791 0.007
790 799 0.006
790 800 0.009000000000000001
790 802 0.002
790 806 0.003
790 809 0.01
790 812 0.008
790 813 0.004
790 819 0.005
790 821 0.011
790 829 0.018000000000000002
791 768 0.008
791 785 0.004
791 790 0.007
791 792 0.019
791 799 0.001
791 800 0.002
791 802 0.008
791 804 0.015
791 806 0.009000000000000001
791 809 0.003
791 812 0.02
791 813 0.011
791 816 0.005
791 819 0.007
791 829 0.012
791 833 0.02
792 773 0.006
792 784 0.017
792 789 0.001
792 791 0.019
792 804 0.004
792 810 0.005
792 814 0.007
792 816 0.007
792 817 0.009000000000000001
792 818 0.01
792 822 0.01
792 830 0.017
792 832 0.02
792 834 0.02
793 779 0.002
793 794 0.001
793 795 0.002
793 796 0.015
793 797 0.001
793 808 0.002
794 777 0.016
794 779 0.002
794 783 0.011
794 793 0.001
794 795 0.002
794 796 0.012
794 797 0.001
794 808 0.002
794 811 0.009000000000000001
794 825 0.01
795 779 0.003
795 783 0.005
795 793 0.002
795 794 0.002
795 796 0.008
795 797 0.001
795 808 0.003
795 811 0.017
796 777 0.008
796 779 0.01
796 783 0.003
796 793 0.015
796 794 0.012
796 795 0.008
796 797 0.014
796 807 0.006
796 808 0.009000000000000001
796 811 0.004
796 825 0.004
796 831 0.015
797 779 0.003
797 793 0.001
797 794 0.001
797 795 0.001
797 796 0.014
797 808 0.002
798 778 0.017
798 781 0.014
798 801 0.004
798 805 0.018000000000000002
798 815 0.002
798 827 0.02
799 785 0.004
799 790 0.006
799 791 0.001
799 800 0.001
799 809 0.002
799 813 0.013000000000000001
799 819 0.013000000000000001
799 821 0.018000000000000002
799 850 0.017
800 785 0.008
800 790 0.009000000000000001
800 791 0.002
800 799 0.001
800 809 0.001
800 816 0.004
800 850 0.018000000000000002
801 788 0.014
801 798 0.004
801 805 0.008
801 815 0.006
801 827 0.012
801 828 0.018000000000000002
802 785 0.004
802 790 0.002
802 791 0.008
802 806 0.001
802 812 0.004
802 813 0.002
802 819 0.002
802 821 0.009000000000000001
803 782 0.018000000000000002
803 788 0.013000000000000001
803 805 0.001
803 824 0.003
803 826 0.007
803 827 0.006
803 828 0.006
804 789 0.011
804 791 0.015
804 792 0.004
804 810 0.002
804 814 0.004
804 816 0.003
804 817 0.003
804 818 0.002
804 822 0.004
804 830 0.012
804 832 0.02
804 834 0.018000000000000002
805 782 0.017
805 788 0.015
805 798 0.018000000000000002
805 801 0.008
805 803 0.001
805 824 0.003
805 826 0.005
805 827 0.006
805 828 0.005
806 785 0.006
806 790 0.003
806 791 0.009000000000000001
806 802 0.001
806 812 0.003
806 813 0.001
806 819 0.002
806 821 0.008
807 796 0.006
807 811 0.004
807 820 0.001
807 823 0.002
807 825 0.007
807 831 0.003
808 771 0.02
808 775 0.017
808 777 0.01
808 779 0.005
808 783 0.007
808 784 0.008
808 789 0.017
808 793 0.002
808 794 0.002
808 795 0.003
808 796 0.009000000000000001
808 797 0.002
808 810 0.013000000000000001
808 811 0.013000000000000001
808 814 0.01
808 817 0.015
808 822 0.015
808 825 0.012
808 830 0.013000000000000001
808 832 0.007
808 835 0.009000000000000001
808 841 0.015
808 843 0.013000000000000001
809 785 0.01
809 790 0.01
809 791 0.003
809 799 0.002
809 800 0.001
809 814 0.019
809 816 0.008
809 850 0.015
810 792 0.005
810 804 0.002
810 808 0.013000000000000001
810 814 0.001
810 816 0.006
810 817 0.001
810 818 0.002
810 822 0.003
810 830 0.014
811 779 0.014
811 794 0.009000000000000001
811 795 0.017
811 796 0.004
811 807 0.004
811 808 0.013000000000000001
811 825 0.002
811 831 0.014
812 780 0.013000000000000001
812 785 0.01
812 786 0.013000000000000001
812 787 0.007
812 790 0.008
812 791 0.02
812 802 0.004
812 806 0.003
812 813 0.002
812 819 0.005
812 821 0.002
812 829 0.02
813 785 0.008
813 790 0.004
813 791 0.011
813 799 0.013000000000000001
813 802 0.002
813 806 0.001
813 812 0.002
813 819 0.002
813 821 0.007
813 850 0.019
814 789 0.01
814 792 0.007
814 804 0.004
814 808 0.01
814 809 0.019
814 810 0.001
814 816 0.006
814 817 0.001
814 818 0.002
814 822 0.001
814 830 0.002
814 834 0.006
815 798 0.002
815 801 0.006
815 821 0.005
815 853 0.02
816 791 0.005
816 792 0.007
816 800 0.004
816 804 0.003
816 809 0.008
816 810 0.006
816 814 0.006
816 818 0.008
816 846 0.017
816 850 0.014
817 792 0.009000000000000001
817 804 0.003
817 808 0.015
817 810 0.001
817 814 0.001
817 818 0.001
817 822 0.001
817 830 0.01
818 792 0.01
818 804 0.002
818 810 0.002
818 814 0.002
818 816 0.008
818 817 0.001
818 822 0.002
818 830 0.005
818 846 0.02
818 850 0.019
819 785 0.007
819 790 0.005
819 791 0.007
819 799 0.013000000000000001
819 802 0.002
819 806 0.002
819 812 0.005
819 813 0.002
819 821 0.012
819 829 0.003
819 850 0.012
820 807 0.001
820 823 0.001
820 825 0.01
820 831 0.001
821 780 0.011
821 785 0.016
821 786 0.008
821 787 0.007
821 790 0.011
821 799 0.018000000000000002
821 802 0.009000000000000001
821 806 0.008
821 812 0.002
821 813 0.007
821 815 0.005
821 819 0.012
821 838 0.008
821 839 0.015
821 847 0.019
822 792 0.01
822 804 0.004
822 808 0.015
822 810 0.003
822 814 0.001
822 817 0.001
822 818 0.002
822 830 0.006
822 832 0.02
823 807 0.002
823 820 0.001
823 825 0.012
823 831 0.001
824 782 0.019
824 788 0.012
824 803 0.003
824 805 0.003
824 826 0.001
824 827 0.002
824 828 0.003
824 837 0.007
825 779 0.014
825 794 0.01
825 796 0.004
825 807 0.007
825 808 0.012
825 811 0.002
825 820 0.01
825 823 0.012
825 831 0.013000000000000001
825 855 0.013000000000000001
826 803 0.007
826 805 0.005
826 824 0.001
826 827 0.001
826 828 0.001
827 798 0.02
827 801 0.012
827 803 0.006
827 805 0.006
827 824 0.002
827 826 0.001
827 828 0.001
828 788 0.014
828 801 0.018000000000000002
828 803 0.006
828 805 0.005
828 824 0.003
828 826 0.001
828 827 0.001
828 837 0.003
828 864 0.02
829 785 0.017
829 790 0.018000000000000002
829 791 0.012
829 812 0.02
829 819 0.003
829 833 0.003
829 836 0.003
829 839 0.015
829 840 0.003
829 842 0.009000000000000001
829 846 0.007
829 850 0.004
830 792 0.017
830 804 0.012
830 808 0.013000000000000001
830 810 0.014
830 814 0.002
830 817 0.01
830 818 0.005
830 822 0.006
830 832 0.002
830 834 0.006
830 861 0.013000000000000001
831 796 0.015
831 807 0.003
831 811 0.014
831 820 0.001
831 823 0.001
831 825 0.013000000000000001
831 855 0.006
832 792 0.02
832 804 0.02
832 808 0.007
832 822 0.02
832 830 0.002
832 834 0.012
832 835 0.004
832 841 0.002
832 843 0.015
832 845 0.012
832 859 0.015
832 861 0.012
833 791 0.02
833 829 0.003
833 836 0.001
833 839 0.014
833 840 0.001
833 842 0.002
833 846 0.003
833 849 0.014
833 850 0.003
834 792 0.02
834 804 0.018000000000000002
834 814 0.006
834 830 0.006
834 832 0.012
834 845 0.006
834 846 0.006
834 849 0.006
834 850 0.012
834 861 0.006
834 871 0.02
835 808 0.009000000000000001
835 832 0.004
835 841 0.001
835 843 0.006
835 859 0.009000000000000001
835 861 0.014
835 868 0.019
836 829 0.003
836 833 0.001
836 839 0.011
836 840 0.002
836 842 0.001
836 846 0.002
836 849 0.017
836 850 0.003
837 824 0.007
837 828 0.003
837 844 0.002
837 856 0.009000000000000001
837 862 0.015
837 864 0.006
838 821 0.008
838 839 0.001
838 840 0.013000000000000001
838 847 0.014
838 850 0.004
838 860 0.005
839 821 0.015
839 829 0.015
839 833 0.014
839 836 0.011
839 838 0.001
839 846 0.014
839 850 0.003
839 860 0.008
840 829 0.003
840 833 0.001
840 836 0.002
840 838 0.013000000000000001
840 842 0.001
840 846 0.003
840 850 0.002
841 808 0.015
841 832 0.002
841 835 0.001
841 843 0.007
841 861 0.006
841 874 0.018000000000000002
842 829 0.009000000000000001
842 833 0.002
842 836 0.001
842 840 0.001
842 846 0.001
842 850 0.002
843 808 0.013000000000000001
843 832 0.015
843 835 0.006
843 841 0.007
843 859 0.002
843 861 0.018000000000000002
843 868 0.003
843 869 0.006
843 874 0.006
844 837 0.002
844 854 0.002
844 856 0.003
844 858 0.001
844 862 0.004
844 864 0.003
845 832 0.012
845 834 0.006
845 846 0.013000000000000001
845 849 0.003
845 850 0.016
845 861 0.002
845 871 0.01
845 872 0.009000000000000001
846 816 0.017
846 818 0.02
846 829 0.007
846 833 0.003
846 834 0.006
846 836 0.002
846 839 0.014
846 840 0.003
846 842 0.001
846 845 0.013000000000000001
846 849 0.003
846 850 0.002
846 861 0.02
847 821 0.019
847 838 0.014
847 850 0.008
847 857 0.004
847 860 0.001
847 866 0.003
848 851 0.001
848 852 0.001
848 853 0.002
848 854 0.018000000000000002
848 856 0.015
848 857 0.004
848 862 0.016
848 864 0.02
848 867 0.003
848 873 0.017
849 833 0.014
849 834 0.006
849 836 0.017
849 845 0.003
849 846 0.003
849 850 0.011
849 861 0.004
849 871 0.008
850 799 0.017
850 800 0.018000000000000002
850 809 0.015
850 813 0.019
850 816 0.014
850 818 0.019
850 819 0.012
850 829 0.004
850 833 0.003
850 834 0.012
850 836 0.003
850 838 0.004
850 839 0.003
850 840 0.002
850 842 0.002
850 845 0.016
850 846 0.002
850 847 0.008
850 849 0.011
850 860 0.007
850 871 0.02
851 848 0.001
851 852 0.001
851 853 0.002
851 864 0.02
851 867 0.003
852 848 0.001
852 851 0.001
852 853 0.001
852 864 0.016
852 867 0.002
853 815 0.02
853 848 0.002
853 851 0.002
853 852 0.001
853 854 0.014
853 856 0.009000000000000001
853 862 0.01
853 864 0.013000000000000001
853 867 0.002
853 873 0.008
854 844 0.002
854 848 0.018000000000000002
854 853 0.014
854 856 0.001
854 858 0.001
854 862 0.001
854 864 0.001
855 825 0.013000000000000001
855 831 0.006
855 863 0.001
855 865 0.003
855 869 0.006
855 870 0.002
855 875 0.004
855 881 0.012
855 884 0.015
856 837 0.009000000000000001
856 844 0.003
856 848 0.015
856 853 0.009000000000000001
856 854 0.001
856 858 0.002
856 862 0.001
856 864 0.001
856 873 0.014
857 847 0.004
857 848 0.004
857 860 0.003
857 866 0.003
858 844 0.001
858 854 0.001
858 856 0.002
858 862 0.002
858 864 0.001
859 832 0.015
859 835 0.009000000000000001
859 843 0.002
859 868 0.005
859 874 0.006
860 838 0.005
860 839 0.008
860 847 0.001
860 850 0.007
860 857 0.003
860 866 0.003
860 876 0.01
861 830 0.013000000000000001
861 832 0.012
861 834 0.006
861 835 0.014
861 841 0.006
861 843 0.018000000000000002
861 845 0.002
861 846 0.02
861 849 0.004
861 871 0.005
861 872 0.007
862 837 0.015
862 844 0.004
862 848 0.016
862 853 0.01
862 854 0.001
862 856 0.001
862 858 0.002
862 864 0.001
863 855 0.001
863 865 0.001
863 870 0.002
863 875 0.003
863 881 0.016
864 828 0.02
864 837 0.006
864 844 0.003
864 848 0.02
864 851 0.02
864 852 0.016
864 853 0.013000000000000001
864 854 0.001
864 856 0.001
864 858 0.001
864 862 0.001
864 867 0.014
864 873 0.006
864 877 0.012
865 855 0.003
865 863 0.001
865 869 0.01
865 870 0.002
865 875 0.004
865 881 0.016
866 847 0.003
866 857 0.003
866 860 0.003
866 876 0.005
867 848 0.003
867 851 0.003
867 852 0.002
867 853 0.002
867 864 0.014
867 873 0.01
868 835 0.019
868 843 0.003
868 859 0.005
868 869 0.009000000000000001
868 874 0.002
869 843 0.006
869 855 0.006
869 865 0.01
869 868 0.009000000000000001
869 870 0.009000000000000001
869 874 0.004
870 855 0.002
870 863 0.002
870 865 0.002
870 869 0.009000000000000001
870 875 0.002
871 834 0.02
871 845 0.01
871 849 0.008
871 850 0.02
871 861 0.005
871 872 0.001
871 879 0.018000000000000002
871 883 0.007
872 845 0.009000000000000001
872 861 0.007
872 871 0.001
872 879 0.009000000000000001
872 883 0.01
873 848 0.017
873 853 0.008
873 856 0.014
873 864 0.006
873 867 0.01
873 877 0.002
873 878 0.003
874 841 0.018000000000000002
874 843 0.006
874 859 0.006
874 868 0.002
874 869 0.004
874 880 0.007
874 885 0.007
874 887 0.014
874 889 0.016
874 892 0.019
875 855 0.004
875 863 0.003
875 865 0.004
875 870 0.002
876 860 0.01
876 866 0.005
876 882 0.005
876 895 0.01
877 864 0.012
877 873 0.002
877 878 0.001
877 886 0.01
877 890 0.017
877 891 0.013000000000000001
878 873 0.003
878 877 0.001
878 886 0.008
878 890 0.005
878 891 0.005
879 871 0.018000000000000002
879 872 0.009000000000000001
879 880 0.003
879 883 0.009000000000000001
879 911 0.02
880 874 0.007
880 879 0.003
880 885 0.018000000000000002
880 887 0.01
880 898 0.01
881 855 0.012
881 863 0.016
881 865 0.016
881 884 0.001
881 885 0.017
882 876 0.005
882 888 0.001
882 894 0.013000000000000001
882 895 0.003
882 900 0.019
882 905 0.009000000000000001
882 906 0.011
882 913 0.017
882 916 0.019
883 871 0.007
883 872 0.01
883 879 0.009000000000000001
883 894 0.002
883 900 0.007
883 903 0.009000000000000001
883 911 0.008
884 855 0.015
884 881 0.001
884 885 0.01
884 893 0.005
885 874 0.007
885 880 0.018000000000000002
885 881 0.017
885 884 0.01
885 887 0.005
885 889 0.005
885 892 0.003
885 893 0.003
885 898 0.005
885 901 0.007
885 909 0.014
886 877 0.01
886 878 0.008
886 890 0.02
886 891 0.002
886 896 0.002
886 897 0.002
886 902 0.004
886 919 0.015
887 874 0.014
887 880 0.01
887 885 0.005
887 889 0.001
887 892 0.001
887 893 0.016
887 898 0.002
888 882 0.001
888 895 0.003
888 905 0.012
888 906 0.016
888 911 0.016
888 917 0.019
888 922 0.015
888 923 0.013000000000000001
889 874 0.016
889 885 0.005
889 887 0.001
889 892 0.001
889 893 0.015
889 898 0.002
889 918 0.017
890 877 0.017
890 878 0.005
890 886 0.02
890 899 0.006
890 910 0.015
890 920 0.011
891 877 0.013000000000000001
891 878 0.005
891 886 0.002
891 896 0.001
891 897 0.002
891 902 0.003
891 919 0.007
892 874 0.019
892 885 0.003
892 887 0.001
892 889 0.001
892 893 0.011
892 898 0.002
892 901 0.019
892 915 0.016
892 918 0.015
893 884 0.005
893 885 0.003
893 887 0.016
893 889 0.015
893 892 0.011
893 898 0.008
893 901 0.004
893 909 0.015
893 915 0.012
894 882 0.013000000000000001
894 883 0.002
894 900 0.008
894 903 0.006
894 911 0.006
895 876 0.01
895 882 0.003
895 888 0.003
895 899 0.006
895 905 0.007
895 906 0.011
895 913 0.02
895 916 0.02
895 917 0.016
895 922 0.016
895 923 0.014
896 886 0.002
896 891 0.001
896 897 0.001
896 902 0.002
897 886 0.002
897 891 0.002
897 896 0.001
897 902 0.002
898 880 0.01
898 885 0.005
898 887 0.002
898 889 0.002
898 892 0.002
898 893 0.008
898 901 0.01
898 909 0.003
898 915 0.013000000000000001
898 918 0.007
899 890 0.006
899 895 0.006
899 905 0.008
899 920 0.008
899 922 0.011
899 923 0.02
900 882 0.019
900 883 0.007
900 894 0.008
900 903 0.001
900 911 0.002
900 922 0.02
901 885 0.007
901 892 0.019
901 893 0.004
901 898 0.01
901 915 0.004
902 886 0.004
902 891 0.003
902 896 0.002
902 897 0.002
902 919 0.014
902 920 0.02
903 883 0.009000000000000001
903 894 0.006
903 900 0.001
903 911 0.001
904 907 0.001
904 908 0.001
904 910 0.002
904 914 0.003
904 919 0.006
904 920 0.003
904 924 0.006
904 925 0.006
905 882 0.009000000000000001
905 888 0.012
905 895 0.007
905 899 0.008
905 906 0.003
905 913 0.007
905 916 0.007
905 917 0.004
905 922 0.005
905 923 0.005
906 882 0.011
906 888 0.016
906 895 0.011
906 905 0.003
906 911 0.02
906 913 0.002
906 916 0.002
906 917 0.002
906 922 0.004
906 923 0.004
907 904 0.001
907 908 0.001
907 910 0.001
907 914 0.002
907 919 0.011
907 920 0.003
907 924 0.005
907 925 0.006
908 904 0.001
908 907 0.001
908 910 0.001
908 914 0.002
908 919 0.01
908 920 0.003
908 924 0.006
908 925 0.007
909 885 0.014
909 893 0.015
909 898 0.003
909 915 0.007
909 918 0.002
910 890 0.015
910 904 0.002
910 907 0.001
910 908 0.001
910 914 0.001
910 919 0.011
910 920 0.003
910 924 0.007
910 925 0.008
911 879 0.02
911 883 0.008
911 888 0.016
911 894 0.006
911 900 0.002
911 903 0.001
911 906 0.02
911 927 0.008
911 930 0.011
911 931 0.011
911 932 0.013000000000000001
912 915 0.007
912 934 0.01
912 943 0.019
913 882 0.017
913 895 0.02
913 905 0.007
913 906 0.002
913 916 0.001
913 917 0.001
913 922 0.002
913 923 0.002
914 904 0.003
914 907 0.002
914 908 0.002
914 910 0.001
914 919 0.017
914 920 0.002
914 924 0.004
914 925 0.005
915 892 0.016
915 893 0.012
915 898 0.013000000000000001
915 901 0.004
915 909 0.007
915 912 0.007
915 918 0.019
915 939 0.008
916 882 0.019
916 895 0.02
916 905 0.007
916 906 0.002
916 913 0.001
916 917 0.001
916 922 0.002
916 923 0.002
916 927 0.018000000000000002
917 888 0.019
917 895 0.016
917 905 0.004
917 906 0.002
917 913 0.001
917 916 0.001
917 922 0.002
917 923 0.002
917 927 0.009000000000000001
917 935 0.015
918 889 0.017
918 892 0.015
918 898 0.007
918 909 0.002
918 915 0.019
918 921 0.003
918 939 0.012
919 886 0.015
919 891 0.007
919 902 0.014
919 904 0.006
919 907 0.011
919 908 0.01
919 910 0.011
919 914 0.017
919 920 0.011
919 925 0.02
920 890 0.011
920 899 0.008
920 902 0.02
920 904 0.003
920 907 0.003
920 908 0.003
920 910 0.003
920 914 0.002
920 919 0.011
920 924 0.003
920 925 0.004
920 937 0.009000000000000001
920 938 0.01
920 940 0.007
921 918 0.003
921 926 0.005
921 929 0.011
921 933 0.007
921 939 0.019
922 888 0.015
922 895 0.016
922 899 0.011
922 900 0.02
922 905 0.005
922 906 0.004
922 913 0.002
922 916 0.002
922 917 0.002
922 923 0.001
922 927 0.01
922 932 0.016
922 935 0.011
922 936 0.012
922 940 0.016
922 944 0.014
922 946 0.016
923 888 0.013000000000000001
923 895 0.014
923 899 0.02
923 905 0.005
923 906 0.004
923 913 0.002
923 916 0.002
923 917 0.002
923 922 0.001
923 927 0.008
923 932 0.015
923 935 0.01
923 936 0.011
923 940 0.018000000000000002
923 944 0.016
923 946 0.016
924 904 0.006
924 907 0.005
924 908 0.006
924 910 0.007
924 914 0.004
924 920 0.003
924 925 0.001
925 904 0.006
925 907 0.006
925 908 0.007
925 910 0.008
925 914 0.005
925 919 0.02
925 920 0.004
925 924 0.001
925 937 0.02
926 921 0.005
926 929 0.001
926 930 0.012
926 933 0.003
926 939 0.019
926 941 0.005
926 942 0.005
927 911 0.008
927 916 0.018000000000000002
927 917 0.009000000000000001
927 922 0.01
927 923 0.008
927 930 0.005
927 931 0.003
927 932 0.001
927 935 0.003
927 936 0.004
927 946 0.018000000000000002
928 934 0.001
928 943 0.004
929 921 0.011
929 926 0.001
929 930 0.016
929 933 0.002
929 939 0.015
929 941 0.004
929 942 0.004
930 911 0.011
930 926 0.012
930 927 0.005
930 929 0.016
930 931 0.001
930 932 0.005
930 933 0.004
930 935 0.012
930 936 0.015
930 952 0.015
931 911 0.011
931 927 0.003
931 930 0.001
931 932 0.006
931 933 0.006
931 936 0.017
932 911 0.013000000000000001
932 922 0.016
932 923 0.015
932 927 0.001
932 930 0.005
932 931 0.006
932 935 0.004
932 936 0.005
933 921 0.007
933 926 0.003
933 929 0.002
933 930 0.004
933 931 0.006
933 939 0.017
933 941 0.002
933 942 0.002
934 912 0.01
934 928 0.001
934 939 0.014
934 943 0.002
935 917 0.015
935 922 0.011
935 923 0.01
935 927 0.003
935 930 0.012
935 932 0.004
935 936 0.001
936 922 0.012
936 923 0.011
936 927 0.004
936 930 0.015
936 931 0.017
936 932 0.005
936 935 0.001
936 946 0.005
937 920 0.009000000000000001
937 925 0.02
937 938 0.001
937 949 0.01
937 954 0.008
938 920 0.01
938 937 0.001
938 949 0.008
938 954 0.007
939 915 0.008
939 918 0.012
939 921 0.019
939 926 0.019
939 929 0.015
939 933 0.017
939 934 0.014
939 941 0.01
939 942 0.009000000000000001
939 943 0.02
939 945 0.001
939 948 0.002
939 950 0.003
939 951 0.006
939 952 0.018000000000000002
939 953 0.003
939 955 0.004
940 920 0.007
940 922 0.016
940 923 0.018000000000000002
940 944 0.003
940 946 0.015
940 947 0.01
941 926 0.005
941 929 0.004
941 933 0.002
941 939 0.01
941 942 0.001
941 950 0.019
942 926 0.005
942 929 0.004
942 933 0.002
942 939 0.009000000000000001
942 941 0.001
942 950 0.018000000000000002
942 952 0.011
943 912 0.019
943 928 0.004
943 934 0.002
943 939 0.02
944 922 0.014
944 923 0.016
944 940 0.003
944 946 0.008
944 947 0.011
945 939 0.001
945 948 0.001
945 950 0.003
945 951 0.005
945 953 0.002
945 955 0.002
946 922 0.016
946 923 0.016
946 927 0.018000000000000002
946 936 0.005
946 940 0.015
946 944 0.008
946 947 0.002
946 958 0.009000000000000001
947 940 0.01
947 944 0.011
947 946 0.002
947 958 0.012
947 972 0.017
948 939 0.002
948 945 0.001
948 950 0.001
948 953 0.001
948 955 0.002
949 937 0.01
949 938 0.008
949 954 0.004
949 959 0.01
949 965 0.017
949 970 0.017
950 939 0.003
950 941 0.019
950 942 0.018000000000000002
950 945 0.003
950 948 0.001
950 951 0.01
950 953 0.001
950 955 0.003
950 968 0.015
950 969 0.007
950 971 0.009000000000000001
950 974 0.016
951 939 0.006
951 945 0.005
951 950 0.01
951 952 0.008
951 955 0.007
951 975 0.018000000000000002
952 930 0.015
952 939 0.018000000000000002
952 942 0.011
952 951 0.008
952 956 0.009000000000000001
952 957 0.009000000000000001
953 939 0.003
953 945 0.002
953 948 0.001
953 950 0.001
953 955 0.001
954 937 0.008
954 938 0.007
954 949 0.004
954 959 0.004
954 961 0.018000000000000002
954 962 0.02
954 965 0.007
954 970 0.009000000000000001
955 939 0.004
955 945 0.002
955 948 0.002
955 950 0.003
955 951 0.007
955 953 0.001
955 969 0.013000000000000001
955 975 0.018000000000000002
956 952 0.009000000000000001
956 957 0.001
956 964 0.006
956 973 0.013000000000000001
957 952 0.009000000000000001
957 956 0.001
957 964 0.006
958 946 0.009000000000000001
958 947 0.012
958 960 0.002
958 963 0.004
958 964 0.013000000000000001
958 966 0.008
958 972 0.005
958 973 0.013000000000000001
959 949 0.01
959 954 0.004
959 961 0.002
959 962 0.003
959 965 0.003
959 970 0.007
960 958 0.002
960 963 0.003
960 964 0.009000000000000001
960 972 0.004
960 973 0.009000000000000001
961 954 0.018000000000000002
961 959 0.002
961 962 0.001
961 965 0.002
961 970 0.003
962 954 0.02
962 959 0.003
962 961 0.001
962 965 0.002
962 970 0.002
963 958 0.004
963 960 0.003
963 964 0.014
963 966 0.009000000000000001
963 972 0.001
963 973 0.013000000000000001
963 981 0.014
964 956 0.006
964 957 0.006
964 958 0.013000000000000001
964 960 0.009000000000000001
964 963 0.014
964 966 0.002
964 972 0.012
964 973 0.002
964 981 0.01
965 949 0.017
965 954 0.007
965 959 0.003
965 961 0.002
965 962 0.002
965 970 0.003
965 976 0.004
965 977 0.006
965 979 0.006
965 989 0.016
965 993 0.015
966 958 0.008
966 963 0.009000000000000001
966 964 0.002
966 972 0.006
966 973 0.001
967 968 0.008
967 974 0.009000000000000001
967 975 0.019
967 978 0.019
967 980 0.003
967 988 0.02
967 990 0.018000000000000002
968 950 0.015
968 967 0.008
968 969 0.009000000000000001
968 971 0.008
968 974 0.001
968 975 0.01
968 978 0.004
968 980 0.005
968 988 0.011
968 990 0.012
968 997 0.018000000000000002
969 950 0.007
969 955 0.013000000000000001
969 968 0.009000000000000001
969 971 0.001
969 974 0.006
969 975 0.002
969 978 0.003
969 980 0.018000000000000002
969 988 0.012
969 990 0.015
969 997 0.02
970 949 0.017
970 954 0.009000000000000001
970 959 0.007
970 961 0.003
970 962 0.002
970 965 0.003
970 972 0.018000000000000002
970 976 0.003
970 977 0.009000000000000001
970 979 0.004
970 982 0.011
970 983 0.009000000000000001
970 984 0.016
970 985 0.009000000000000001
970 989 0.016
970 993 0.014
970 994 0.015
971 950 0.009000000000000001
971 968 0.008
971 969 0.001
971 975 0.002
971 978 0.002
972 947 0.017
972 958 0.005
972 960 0.004
972 963 0.001
972 964 0.012
972 966 0.006
972 970 0.018000000000000002
972 973 0.008
972 986 0.018000000000000002
972 991 0.017
973 956 0.013000000000000001
973 958 0.013000000000000001
973 960 0.009000000000000001
973 963 0.013000000000000001
973 964 0.002
973 966 0.001
973 972 0.008
973 991 0.011
974 950 0.016
974 967 0.009000000000000001
974 968 0.001
974 969 0.006
974 975 0.008
974 978 0.003
974 980 0.007
974 997 0.016
975 951 0.018000000000000002
975 955 0.018000000000000002
975 967 0.019
975 968 0.01
975 969 0.002
975 971 0.002
975 974 0.008
975 978 0.004
975 980 0.016
975 988 0.014
975 990 0.016
975 992 0.006
975 995 0.006
975 997 0.016
976 965 0.004
976 970 0.003
976 977 0.004
976 979 0.002
976 983 0.015
976 984 0.013000000000000001
976 989 0.01
976 993 0.006
976 994 0.02
977 965 0.006
977 970 0.009000000000000001
977 976 0.004
977 979 0.004
977 982 0.002
977 983 0.003
977 984 0.003
977 985 0.005
977 989 0.003
977 993 0.005
977 994 0.009000000000000001
978 967 0.019
978 968 0.004
978 969 0.003
978 971 0.002
978 974 0.003
978 975 0.004
978 990 0.007
978 997 0.012
979 965 0.006
979 970 0.004
979 976 0.002
979 977 0.004
979 982 0.007
979 983 0.003
979 984 0.012
979 985 0.004
979 989 0.009000000000000001
979 993 0.004
979 994 0.012
980 967 0.003
980 968 0.005
980 969 0.018000000000000002
980 974 0.007
980 975 0.016
980 997 0.012
981 963 0.014
981 964 0.01
981 986 0.002
981 987 0.003
981 991 0.003
982 970 0.011
982 977 0.002
982 979 0.007
982 983 0.002
982 984 0.004
982 985 0.003
982 989 0.002
982 993 0.005
982 994 0.011
983 970 0.009000000000000001
983 976 0.015
983 977 0.003
983 979 0.003
983 982 0.002
983 984 0.007
983 985 0.001
983 989 0.003
983 993 0.002
983 994 0.006
984 970 0.016
984 976 0.013000000000000001
984 977 0.003
984 979 0.012
984 982 0.004
984 983 0.007
984 985 0.008
984 989 0.002
984 993 0.007
984 994 0.012
985 970 0.009000000000000001
985 977 0.005
985 979 0.004
985 982 0.003
985 983 0.001
985 984 0.008
985 989 0.005
985 993 0.002
985 994 0.005
986 972 0.018000000000000002
986 981 0.002
986 987 0.001
986 991 0.001
986 996 0.013000000000000001
987 981 0.003
987 986 0.001
987 991 0.001
988 967 0.02
988 968 0.011
988 969 0.012
988 975 0.014
988 990 0.001
988 997 0.002
989 965 0.016
989 970 0.016
989 976 0.01
989 977 0.003
989 979 0.009000000000000001
989 982 0.002
989 983 0.003
989 984 0.002
989 985 0.005
989 993 0.005
989 994 0.009000000000000001
990 967 0.018000000000000002
990 968 0.012
990 969 0.015
990 975 0.016
990 978 0.007
990 988 0.001
990 997 0.002
991 972 0.017
991 973 0.011
991 981 0.003
991 986 0.001
991 987 0.001
992 975 0.006
992 995 0.001
992 997 0.018000000000000002
992 998 0.001
992 999 0.005
993 965 0.015
993 970 0.014
993 976 0.006
993 977 0.005
993 979 0.004
993 982 0.005
993 983 0.002
993 984 0.007
993 985 0.002
993 989 0.005
993 994 0.003
994 970 0.015
994 976 0.02
994 977 0.009000000000000001
994 979 0.012
994 982 0.011
994 983 0.006
994 984 0.012
994 985 0.005
994 989 0.009000000000000001
994 993 0.003
995 975 0.006
995 992 0.001
995 998 0.001
995 999 0.005
996 986 0.013000000000000001
997 968 0.018000000000000002
997 969 0.02
997 974 0.016
997 975 0.016
997 978 0.012
997 980 0.012
997 988 0.002
997 990 0.002
997 992 0.018000000000000002
998 992 0.001
998 995 0.001
998 999 0.005
999 992 0.005
999 995 0.005
999 998 0.005
